date_id,date,year,quarter,quarter_label,month,month_label,week,day,day_of_week,day_label,is_weekend,is_month_start,is_month_end,fiscal_year,fiscal_period
20210101,2021-01-01,2021,1,Q1,1,Janvier,53,1,4,Vendredi,False,True,False,2021,4
20210102,2021-01-02,2021,1,Q1,1,Janvier,53,2,5,Samedi,True,False,False,2021,4
20210103,2021-01-03,2021,1,Q1,1,Janvier,53,3,6,Dimanche,True,False,False,2021,4
20210104,2021-01-04,2021,1,Q1,1,Janvier,1,4,0,Lundi,False,False,False,2021,4
20210105,2021-01-05,2021,1,Q1,1,Janvier,1,5,1,Mardi,False,False,False,2021,4
20210106,2021-01-06,2021,1,Q1,1,Janvier,1,6,2,Mercredi,False,False,False,2021,4
20210107,2021-01-07,2021,1,Q1,1,Janvier,1,7,3,Jeudi,False,False,False,2021,4
20210108,2021-01-08,2021,1,Q1,1,Janvier,1,8,4,Vendredi,False,False,False,2021,4
20210109,2021-01-09,2021,1,Q1,1,Janvier,1,9,5,Samedi,True,False,False,2021,4
20210110,2021-01-10,2021,1,Q1,1,Janvier,1,10,6,Dimanche,True,False,False,2021,4
20210111,2021-01-11,2021,1,Q1,1,Janvier,2,11,0,Lundi,False,False,False,2021,4
20210112,2021-01-12,2021,1,Q1,1,Janvier,2,12,1,Mardi,False,False,False,2021,4
20210113,2021-01-13,2021,1,Q1,1,Janvier,2,13,2,Mercredi,False,False,False,2021,4
20210114,2021-01-14,2021,1,Q1,1,Janvier,2,14,3,Jeudi,False,False,False,2021,4
20210115,2021-01-15,2021,1,Q1,1,Janvier,2,15,4,Vendredi,False,False,False,2021,4
20210116,2021-01-16,2021,1,Q1,1,Janvier,2,16,5,Samedi,True,False,False,2021,4
20210117,2021-01-17,2021,1,Q1,1,Janvier,2,17,6,Dimanche,True,False,False,2021,4
20210118,2021-01-18,2021,1,Q1,1,Janvier,3,18,0,Lundi,False,False,False,2021,4
20210119,2021-01-19,2021,1,Q1,1,Janvier,3,19,1,Mardi,False,False,False,2021,4
20210120,2021-01-20,2021,1,Q1,1,Janvier,3,20,2,Mercredi,False,False,False,2021,4
20210121,2021-01-21,2021,1,Q1,1,Janvier,3,21,3,Jeudi,False,False,False,2021,4
20210122,2021-01-22,2021,1,Q1,1,Janvier,3,22,4,Vendredi,False,False,False,2021,4
20210123,2021-01-23,2021,1,Q1,1,Janvier,3,23,5,Samedi,True,False,False,2021,4
20210124,2021-01-24,2021,1,Q1,1,Janvier,3,24,6,Dimanche,True,False,False,2021,4
20210125,2021-01-25,2021,1,Q1,1,Janvier,4,25,0,Lundi,False,False,False,2021,4
20210126,2021-01-26,2021,1,Q1,1,Janvier,4,26,1,Mardi,False,False,False,2021,4
20210127,2021-01-27,2021,1,Q1,1,Janvier,4,27,2,Mercredi,False,False,False,2021,4
20210128,2021-01-28,2021,1,Q1,1,Janvier,4,28,3,Jeudi,False,False,False,2021,4
20210129,2021-01-29,2021,1,Q1,1,Janvier,4,29,4,Vendredi,False,False,False,2021,4
20210130,2021-01-30,2021,1,Q1,1,Janvier,4,30,5,Samedi,True,False,False,2021,4
20210131,2021-01-31,2021,1,Q1,1,Janvier,4,31,6,Dimanche,True,False,True,2021,4
20210201,2021-02-01,2021,1,Q1,2,Février,5,1,0,Lundi,False,True,False,2021,5
20210202,2021-02-02,2021,1,Q1,2,Février,5,2,1,Mardi,False,False,False,2021,5
20210203,2021-02-03,2021,1,Q1,2,Février,5,3,2,Mercredi,False,False,False,2021,5
20210204,2021-02-04,2021,1,Q1,2,Février,5,4,3,Jeudi,False,False,False,2021,5
20210205,2021-02-05,2021,1,Q1,2,Février,5,5,4,Vendredi,False,False,False,2021,5
20210206,2021-02-06,2021,1,Q1,2,Février,5,6,5,Samedi,True,False,False,2021,5
20210207,2021-02-07,2021,1,Q1,2,Février,5,7,6,Dimanche,True,False,False,2021,5
20210208,2021-02-08,2021,1,Q1,2,Février,6,8,0,Lundi,False,False,False,2021,5
20210209,2021-02-09,2021,1,Q1,2,Février,6,9,1,Mardi,False,False,False,2021,5
20210210,2021-02-10,2021,1,Q1,2,Février,6,10,2,Mercredi,False,False,False,2021,5
20210211,2021-02-11,2021,1,Q1,2,Février,6,11,3,Jeudi,False,False,False,2021,5
20210212,2021-02-12,2021,1,Q1,2,Février,6,12,4,Vendredi,False,False,False,2021,5
20210213,2021-02-13,2021,1,Q1,2,Février,6,13,5,Samedi,True,False,False,2021,5
20210214,2021-02-14,2021,1,Q1,2,Février,6,14,6,Dimanche,True,False,False,2021,5
20210215,2021-02-15,2021,1,Q1,2,Février,7,15,0,Lundi,False,False,False,2021,5
20210216,2021-02-16,2021,1,Q1,2,Février,7,16,1,Mardi,False,False,False,2021,5
20210217,2021-02-17,2021,1,Q1,2,Février,7,17,2,Mercredi,False,False,False,2021,5
20210218,2021-02-18,2021,1,Q1,2,Février,7,18,3,Jeudi,False,False,False,2021,5
20210219,2021-02-19,2021,1,Q1,2,Février,7,19,4,Vendredi,False,False,False,2021,5
20210220,2021-02-20,2021,1,Q1,2,Février,7,20,5,Samedi,True,False,False,2021,5
20210221,2021-02-21,2021,1,Q1,2,Février,7,21,6,Dimanche,True,False,False,2021,5
20210222,2021-02-22,2021,1,Q1,2,Février,8,22,0,Lundi,False,False,False,2021,5
20210223,2021-02-23,2021,1,Q1,2,Février,8,23,1,Mardi,False,False,False,2021,5
20210224,2021-02-24,2021,1,Q1,2,Février,8,24,2,Mercredi,False,False,False,2021,5
20210225,2021-02-25,2021,1,Q1,2,Février,8,25,3,Jeudi,False,False,False,2021,5
20210226,2021-02-26,2021,1,Q1,2,Février,8,26,4,Vendredi,False,False,False,2021,5
20210227,2021-02-27,2021,1,Q1,2,Février,8,27,5,Samedi,True,False,False,2021,5
20210228,2021-02-28,2021,1,Q1,2,Février,8,28,6,Dimanche,True,False,True,2021,5
20210301,2021-03-01,2021,1,Q1,3,Mars,9,1,0,Lundi,False,True,False,2021,6
20210302,2021-03-02,2021,1,Q1,3,Mars,9,2,1,Mardi,False,False,False,2021,6
20210303,2021-03-03,2021,1,Q1,3,Mars,9,3,2,Mercredi,False,False,False,2021,6
20210304,2021-03-04,2021,1,Q1,3,Mars,9,4,3,Jeudi,False,False,False,2021,6
20210305,2021-03-05,2021,1,Q1,3,Mars,9,5,4,Vendredi,False,False,False,2021,6
20210306,2021-03-06,2021,1,Q1,3,Mars,9,6,5,Samedi,True,False,False,2021,6
20210307,2021-03-07,2021,1,Q1,3,Mars,9,7,6,Dimanche,True,False,False,2021,6
20210308,2021-03-08,2021,1,Q1,3,Mars,10,8,0,Lundi,False,False,False,2021,6
20210309,2021-03-09,2021,1,Q1,3,Mars,10,9,1,Mardi,False,False,False,2021,6
20210310,2021-03-10,2021,1,Q1,3,Mars,10,10,2,Mercredi,False,False,False,2021,6
20210311,2021-03-11,2021,1,Q1,3,Mars,10,11,3,Jeudi,False,False,False,2021,6
20210312,2021-03-12,2021,1,Q1,3,Mars,10,12,4,Vendredi,False,False,False,2021,6
20210313,2021-03-13,2021,1,Q1,3,Mars,10,13,5,Samedi,True,False,False,2021,6
20210314,2021-03-14,2021,1,Q1,3,Mars,10,14,6,Dimanche,True,False,False,2021,6
20210315,2021-03-15,2021,1,Q1,3,Mars,11,15,0,Lundi,False,False,False,2021,6
20210316,2021-03-16,2021,1,Q1,3,Mars,11,16,1,Mardi,False,False,False,2021,6
20210317,2021-03-17,2021,1,Q1,3,Mars,11,17,2,Mercredi,False,False,False,2021,6
20210318,2021-03-18,2021,1,Q1,3,Mars,11,18,3,Jeudi,False,False,False,2021,6
20210319,2021-03-19,2021,1,Q1,3,Mars,11,19,4,Vendredi,False,False,False,2021,6
20210320,2021-03-20,2021,1,Q1,3,Mars,11,20,5,Samedi,True,False,False,2021,6
20210321,2021-03-21,2021,1,Q1,3,Mars,11,21,6,Dimanche,True,False,False,2021,6
20210322,2021-03-22,2021,1,Q1,3,Mars,12,22,0,Lundi,False,False,False,2021,6
20210323,2021-03-23,2021,1,Q1,3,Mars,12,23,1,Mardi,False,False,False,2021,6
20210324,2021-03-24,2021,1,Q1,3,Mars,12,24,2,Mercredi,False,False,False,2021,6
20210325,2021-03-25,2021,1,Q1,3,Mars,12,25,3,Jeudi,False,False,False,2021,6
20210326,2021-03-26,2021,1,Q1,3,Mars,12,26,4,Vendredi,False,False,False,2021,6
20210327,2021-03-27,2021,1,Q1,3,Mars,12,27,5,Samedi,True,False,False,2021,6
20210328,2021-03-28,2021,1,Q1,3,Mars,12,28,6,Dimanche,True,False,False,2021,6
20210329,2021-03-29,2021,1,Q1,3,Mars,13,29,0,Lundi,False,False,False,2021,6
20210330,2021-03-30,2021,1,Q1,3,Mars,13,30,1,Mardi,False,False,False,2021,6
20210331,2021-03-31,2021,1,Q1,3,Mars,13,31,2,Mercredi,False,False,True,2021,6
20210401,2021-04-01,2021,2,Q2,4,Avril,13,1,3,Jeudi,False,True,False,2021,7
20210402,2021-04-02,2021,2,Q2,4,Avril,13,2,4,Vendredi,False,False,False,2021,7
20210403,2021-04-03,2021,2,Q2,4,Avril,13,3,5,Samedi,True,False,False,2021,7
20210404,2021-04-04,2021,2,Q2,4,Avril,13,4,6,Dimanche,True,False,False,2021,7
20210405,2021-04-05,2021,2,Q2,4,Avril,14,5,0,Lundi,False,False,False,2021,7
20210406,2021-04-06,2021,2,Q2,4,Avril,14,6,1,Mardi,False,False,False,2021,7
20210407,2021-04-07,2021,2,Q2,4,Avril,14,7,2,Mercredi,False,False,False,2021,7
20210408,2021-04-08,2021,2,Q2,4,Avril,14,8,3,Jeudi,False,False,False,2021,7
20210409,2021-04-09,2021,2,Q2,4,Avril,14,9,4,Vendredi,False,False,False,2021,7
20210410,2021-04-10,2021,2,Q2,4,Avril,14,10,5,Samedi,True,False,False,2021,7
20210411,2021-04-11,2021,2,Q2,4,Avril,14,11,6,Dimanche,True,False,False,2021,7
20210412,2021-04-12,2021,2,Q2,4,Avril,15,12,0,Lundi,False,False,False,2021,7
20210413,2021-04-13,2021,2,Q2,4,Avril,15,13,1,Mardi,False,False,False,2021,7
20210414,2021-04-14,2021,2,Q2,4,Avril,15,14,2,Mercredi,False,False,False,2021,7
20210415,2021-04-15,2021,2,Q2,4,Avril,15,15,3,Jeudi,False,False,False,2021,7
20210416,2021-04-16,2021,2,Q2,4,Avril,15,16,4,Vendredi,False,False,False,2021,7
20210417,2021-04-17,2021,2,Q2,4,Avril,15,17,5,Samedi,True,False,False,2021,7
20210418,2021-04-18,2021,2,Q2,4,Avril,15,18,6,Dimanche,True,False,False,2021,7
20210419,2021-04-19,2021,2,Q2,4,Avril,16,19,0,Lundi,False,False,False,2021,7
20210420,2021-04-20,2021,2,Q2,4,Avril,16,20,1,Mardi,False,False,False,2021,7
20210421,2021-04-21,2021,2,Q2,4,Avril,16,21,2,Mercredi,False,False,False,2021,7
20210422,2021-04-22,2021,2,Q2,4,Avril,16,22,3,Jeudi,False,False,False,2021,7
20210423,2021-04-23,2021,2,Q2,4,Avril,16,23,4,Vendredi,False,False,False,2021,7
20210424,2021-04-24,2021,2,Q2,4,Avril,16,24,5,Samedi,True,False,False,2021,7
20210425,2021-04-25,2021,2,Q2,4,Avril,16,25,6,Dimanche,True,False,False,2021,7
20210426,2021-04-26,2021,2,Q2,4,Avril,17,26,0,Lundi,False,False,False,2021,7
20210427,2021-04-27,2021,2,Q2,4,Avril,17,27,1,Mardi,False,False,False,2021,7
20210428,2021-04-28,2021,2,Q2,4,Avril,17,28,2,Mercredi,False,False,False,2021,7
20210429,2021-04-29,2021,2,Q2,4,Avril,17,29,3,Jeudi,False,False,False,2021,7
20210430,2021-04-30,2021,2,Q2,4,Avril,17,30,4,Vendredi,False,False,True,2021,7
20210501,2021-05-01,2021,2,Q2,5,Mai,17,1,5,Samedi,True,True,False,2021,8
20210502,2021-05-02,2021,2,Q2,5,Mai,17,2,6,Dimanche,True,False,False,2021,8
20210503,2021-05-03,2021,2,Q2,5,Mai,18,3,0,Lundi,False,False,False,2021,8
20210504,2021-05-04,2021,2,Q2,5,Mai,18,4,1,Mardi,False,False,False,2021,8
20210505,2021-05-05,2021,2,Q2,5,Mai,18,5,2,Mercredi,False,False,False,2021,8
20210506,2021-05-06,2021,2,Q2,5,Mai,18,6,3,Jeudi,False,False,False,2021,8
20210507,2021-05-07,2021,2,Q2,5,Mai,18,7,4,Vendredi,False,False,False,2021,8
20210508,2021-05-08,2021,2,Q2,5,Mai,18,8,5,Samedi,True,False,False,2021,8
20210509,2021-05-09,2021,2,Q2,5,Mai,18,9,6,Dimanche,True,False,False,2021,8
20210510,2021-05-10,2021,2,Q2,5,Mai,19,10,0,Lundi,False,False,False,2021,8
20210511,2021-05-11,2021,2,Q2,5,Mai,19,11,1,Mardi,False,False,False,2021,8
20210512,2021-05-12,2021,2,Q2,5,Mai,19,12,2,Mercredi,False,False,False,2021,8
20210513,2021-05-13,2021,2,Q2,5,Mai,19,13,3,Jeudi,False,False,False,2021,8
20210514,2021-05-14,2021,2,Q2,5,Mai,19,14,4,Vendredi,False,False,False,2021,8
20210515,2021-05-15,2021,2,Q2,5,Mai,19,15,5,Samedi,True,False,False,2021,8
20210516,2021-05-16,2021,2,Q2,5,Mai,19,16,6,Dimanche,True,False,False,2021,8
20210517,2021-05-17,2021,2,Q2,5,Mai,20,17,0,Lundi,False,False,False,2021,8
20210518,2021-05-18,2021,2,Q2,5,Mai,20,18,1,Mardi,False,False,False,2021,8
20210519,2021-05-19,2021,2,Q2,5,Mai,20,19,2,Mercredi,False,False,False,2021,8
20210520,2021-05-20,2021,2,Q2,5,Mai,20,20,3,Jeudi,False,False,False,2021,8
20210521,2021-05-21,2021,2,Q2,5,Mai,20,21,4,Vendredi,False,False,False,2021,8
20210522,2021-05-22,2021,2,Q2,5,Mai,20,22,5,Samedi,True,False,False,2021,8
20210523,2021-05-23,2021,2,Q2,5,Mai,20,23,6,Dimanche,True,False,False,2021,8
20210524,2021-05-24,2021,2,Q2,5,Mai,21,24,0,Lundi,False,False,False,2021,8
20210525,2021-05-25,2021,2,Q2,5,Mai,21,25,1,Mardi,False,False,False,2021,8
20210526,2021-05-26,2021,2,Q2,5,Mai,21,26,2,Mercredi,False,False,False,2021,8
20210527,2021-05-27,2021,2,Q2,5,Mai,21,27,3,Jeudi,False,False,False,2021,8
20210528,2021-05-28,2021,2,Q2,5,Mai,21,28,4,Vendredi,False,False,False,2021,8
20210529,2021-05-29,2021,2,Q2,5,Mai,21,29,5,Samedi,True,False,False,2021,8
20210530,2021-05-30,2021,2,Q2,5,Mai,21,30,6,Dimanche,True,False,False,2021,8
20210531,2021-05-31,2021,2,Q2,5,Mai,22,31,0,Lundi,False,False,True,2021,8
20210601,2021-06-01,2021,2,Q2,6,Juin,22,1,1,Mardi,False,True,False,2021,9
20210602,2021-06-02,2021,2,Q2,6,Juin,22,2,2,Mercredi,False,False,False,2021,9
20210603,2021-06-03,2021,2,Q2,6,Juin,22,3,3,Jeudi,False,False,False,2021,9
20210604,2021-06-04,2021,2,Q2,6,Juin,22,4,4,Vendredi,False,False,False,2021,9
20210605,2021-06-05,2021,2,Q2,6,Juin,22,5,5,Samedi,True,False,False,2021,9
20210606,2021-06-06,2021,2,Q2,6,Juin,22,6,6,Dimanche,True,False,False,2021,9
20210607,2021-06-07,2021,2,Q2,6,Juin,23,7,0,Lundi,False,False,False,2021,9
20210608,2021-06-08,2021,2,Q2,6,Juin,23,8,1,Mardi,False,False,False,2021,9
20210609,2021-06-09,2021,2,Q2,6,Juin,23,9,2,Mercredi,False,False,False,2021,9
20210610,2021-06-10,2021,2,Q2,6,Juin,23,10,3,Jeudi,False,False,False,2021,9
20210611,2021-06-11,2021,2,Q2,6,Juin,23,11,4,Vendredi,False,False,False,2021,9
20210612,2021-06-12,2021,2,Q2,6,Juin,23,12,5,Samedi,True,False,False,2021,9
20210613,2021-06-13,2021,2,Q2,6,Juin,23,13,6,Dimanche,True,False,False,2021,9
20210614,2021-06-14,2021,2,Q2,6,Juin,24,14,0,Lundi,False,False,False,2021,9
20210615,2021-06-15,2021,2,Q2,6,Juin,24,15,1,Mardi,False,False,False,2021,9
20210616,2021-06-16,2021,2,Q2,6,Juin,24,16,2,Mercredi,False,False,False,2021,9
20210617,2021-06-17,2021,2,Q2,6,Juin,24,17,3,Jeudi,False,False,False,2021,9
20210618,2021-06-18,2021,2,Q2,6,Juin,24,18,4,Vendredi,False,False,False,2021,9
20210619,2021-06-19,2021,2,Q2,6,Juin,24,19,5,Samedi,True,False,False,2021,9
20210620,2021-06-20,2021,2,Q2,6,Juin,24,20,6,Dimanche,True,False,False,2021,9
20210621,2021-06-21,2021,2,Q2,6,Juin,25,21,0,Lundi,False,False,False,2021,9
20210622,2021-06-22,2021,2,Q2,6,Juin,25,22,1,Mardi,False,False,False,2021,9
20210623,2021-06-23,2021,2,Q2,6,Juin,25,23,2,Mercredi,False,False,False,2021,9
20210624,2021-06-24,2021,2,Q2,6,Juin,25,24,3,Jeudi,False,False,False,2021,9
20210625,2021-06-25,2021,2,Q2,6,Juin,25,25,4,Vendredi,False,False,False,2021,9
20210626,2021-06-26,2021,2,Q2,6,Juin,25,26,5,Samedi,True,False,False,2021,9
20210627,2021-06-27,2021,2,Q2,6,Juin,25,27,6,Dimanche,True,False,False,2021,9
20210628,2021-06-28,2021,2,Q2,6,Juin,26,28,0,Lundi,False,False,False,2021,9
20210629,2021-06-29,2021,2,Q2,6,Juin,26,29,1,Mardi,False,False,False,2021,9
20210630,2021-06-30,2021,2,Q2,6,Juin,26,30,2,Mercredi,False,False,True,2021,9
20210701,2021-07-01,2021,3,Q3,7,Juillet,26,1,3,Jeudi,False,True,False,2021,10
20210702,2021-07-02,2021,3,Q3,7,Juillet,26,2,4,Vendredi,False,False,False,2021,10
20210703,2021-07-03,2021,3,Q3,7,Juillet,26,3,5,Samedi,True,False,False,2021,10
20210704,2021-07-04,2021,3,Q3,7,Juillet,26,4,6,Dimanche,True,False,False,2021,10
20210705,2021-07-05,2021,3,Q3,7,Juillet,27,5,0,Lundi,False,False,False,2021,10
20210706,2021-07-06,2021,3,Q3,7,Juillet,27,6,1,Mardi,False,False,False,2021,10
20210707,2021-07-07,2021,3,Q3,7,Juillet,27,7,2,Mercredi,False,False,False,2021,10
20210708,2021-07-08,2021,3,Q3,7,Juillet,27,8,3,Jeudi,False,False,False,2021,10
20210709,2021-07-09,2021,3,Q3,7,Juillet,27,9,4,Vendredi,False,False,False,2021,10
20210710,2021-07-10,2021,3,Q3,7,Juillet,27,10,5,Samedi,True,False,False,2021,10
20210711,2021-07-11,2021,3,Q3,7,Juillet,27,11,6,Dimanche,True,False,False,2021,10
20210712,2021-07-12,2021,3,Q3,7,Juillet,28,12,0,Lundi,False,False,False,2021,10
20210713,2021-07-13,2021,3,Q3,7,Juillet,28,13,1,Mardi,False,False,False,2021,10
20210714,2021-07-14,2021,3,Q3,7,Juillet,28,14,2,Mercredi,False,False,False,2021,10
20210715,2021-07-15,2021,3,Q3,7,Juillet,28,15,3,Jeudi,False,False,False,2021,10
20210716,2021-07-16,2021,3,Q3,7,Juillet,28,16,4,Vendredi,False,False,False,2021,10
20210717,2021-07-17,2021,3,Q3,7,Juillet,28,17,5,Samedi,True,False,False,2021,10
20210718,2021-07-18,2021,3,Q3,7,Juillet,28,18,6,Dimanche,True,False,False,2021,10
20210719,2021-07-19,2021,3,Q3,7,Juillet,29,19,0,Lundi,False,False,False,2021,10
20210720,2021-07-20,2021,3,Q3,7,Juillet,29,20,1,Mardi,False,False,False,2021,10
20210721,2021-07-21,2021,3,Q3,7,Juillet,29,21,2,Mercredi,False,False,False,2021,10
20210722,2021-07-22,2021,3,Q3,7,Juillet,29,22,3,Jeudi,False,False,False,2021,10
20210723,2021-07-23,2021,3,Q3,7,Juillet,29,23,4,Vendredi,False,False,False,2021,10
20210724,2021-07-24,2021,3,Q3,7,Juillet,29,24,5,Samedi,True,False,False,2021,10
20210725,2021-07-25,2021,3,Q3,7,Juillet,29,25,6,Dimanche,True,False,False,2021,10
20210726,2021-07-26,2021,3,Q3,7,Juillet,30,26,0,Lundi,False,False,False,2021,10
20210727,2021-07-27,2021,3,Q3,7,Juillet,30,27,1,Mardi,False,False,False,2021,10
20210728,2021-07-28,2021,3,Q3,7,Juillet,30,28,2,Mercredi,False,False,False,2021,10
20210729,2021-07-29,2021,3,Q3,7,Juillet,30,29,3,Jeudi,False,False,False,2021,10
20210730,2021-07-30,2021,3,Q3,7,Juillet,30,30,4,Vendredi,False,False,False,2021,10
20210731,2021-07-31,2021,3,Q3,7,Juillet,30,31,5,Samedi,True,False,True,2021,10
20210801,2021-08-01,2021,3,Q3,8,Août,30,1,6,Dimanche,True,True,False,2021,11
20210802,2021-08-02,2021,3,Q3,8,Août,31,2,0,Lundi,False,False,False,2021,11
20210803,2021-08-03,2021,3,Q3,8,Août,31,3,1,Mardi,False,False,False,2021,11
20210804,2021-08-04,2021,3,Q3,8,Août,31,4,2,Mercredi,False,False,False,2021,11
20210805,2021-08-05,2021,3,Q3,8,Août,31,5,3,Jeudi,False,False,False,2021,11
20210806,2021-08-06,2021,3,Q3,8,Août,31,6,4,Vendredi,False,False,False,2021,11
20210807,2021-08-07,2021,3,Q3,8,Août,31,7,5,Samedi,True,False,False,2021,11
20210808,2021-08-08,2021,3,Q3,8,Août,31,8,6,Dimanche,True,False,False,2021,11
20210809,2021-08-09,2021,3,Q3,8,Août,32,9,0,Lundi,False,False,False,2021,11
20210810,2021-08-10,2021,3,Q3,8,Août,32,10,1,Mardi,False,False,False,2021,11
20210811,2021-08-11,2021,3,Q3,8,Août,32,11,2,Mercredi,False,False,False,2021,11
20210812,2021-08-12,2021,3,Q3,8,Août,32,12,3,Jeudi,False,False,False,2021,11
20210813,2021-08-13,2021,3,Q3,8,Août,32,13,4,Vendredi,False,False,False,2021,11
20210814,2021-08-14,2021,3,Q3,8,Août,32,14,5,Samedi,True,False,False,2021,11
20210815,2021-08-15,2021,3,Q3,8,Août,32,15,6,Dimanche,True,False,False,2021,11
20210816,2021-08-16,2021,3,Q3,8,Août,33,16,0,Lundi,False,False,False,2021,11
20210817,2021-08-17,2021,3,Q3,8,Août,33,17,1,Mardi,False,False,False,2021,11
20210818,2021-08-18,2021,3,Q3,8,Août,33,18,2,Mercredi,False,False,False,2021,11
20210819,2021-08-19,2021,3,Q3,8,Août,33,19,3,Jeudi,False,False,False,2021,11
20210820,2021-08-20,2021,3,Q3,8,Août,33,20,4,Vendredi,False,False,False,2021,11
20210821,2021-08-21,2021,3,Q3,8,Août,33,21,5,Samedi,True,False,False,2021,11
20210822,2021-08-22,2021,3,Q3,8,Août,33,22,6,Dimanche,True,False,False,2021,11
20210823,2021-08-23,2021,3,Q3,8,Août,34,23,0,Lundi,False,False,False,2021,11
20210824,2021-08-24,2021,3,Q3,8,Août,34,24,1,Mardi,False,False,False,2021,11
20210825,2021-08-25,2021,3,Q3,8,Août,34,25,2,Mercredi,False,False,False,2021,11
20210826,2021-08-26,2021,3,Q3,8,Août,34,26,3,Jeudi,False,False,False,2021,11
20210827,2021-08-27,2021,3,Q3,8,Août,34,27,4,Vendredi,False,False,False,2021,11
20210828,2021-08-28,2021,3,Q3,8,Août,34,28,5,Samedi,True,False,False,2021,11
20210829,2021-08-29,2021,3,Q3,8,Août,34,29,6,Dimanche,True,False,False,2021,11
20210830,2021-08-30,2021,3,Q3,8,Août,35,30,0,Lundi,False,False,False,2021,11
20210831,2021-08-31,2021,3,Q3,8,Août,35,31,1,Mardi,False,False,True,2021,11
20210901,2021-09-01,2021,3,Q3,9,Septembre,35,1,2,Mercredi,False,True,False,2021,12
20210902,2021-09-02,2021,3,Q3,9,Septembre,35,2,3,Jeudi,False,False,False,2021,12
20210903,2021-09-03,2021,3,Q3,9,Septembre,35,3,4,Vendredi,False,False,False,2021,12
20210904,2021-09-04,2021,3,Q3,9,Septembre,35,4,5,Samedi,True,False,False,2021,12
20210905,2021-09-05,2021,3,Q3,9,Septembre,35,5,6,Dimanche,True,False,False,2021,12
20210906,2021-09-06,2021,3,Q3,9,Septembre,36,6,0,Lundi,False,False,False,2021,12
20210907,2021-09-07,2021,3,Q3,9,Septembre,36,7,1,Mardi,False,False,False,2021,12
20210908,2021-09-08,2021,3,Q3,9,Septembre,36,8,2,Mercredi,False,False,False,2021,12
20210909,2021-09-09,2021,3,Q3,9,Septembre,36,9,3,Jeudi,False,False,False,2021,12
20210910,2021-09-10,2021,3,Q3,9,Septembre,36,10,4,Vendredi,False,False,False,2021,12
20210911,2021-09-11,2021,3,Q3,9,Septembre,36,11,5,Samedi,True,False,False,2021,12
20210912,2021-09-12,2021,3,Q3,9,Septembre,36,12,6,Dimanche,True,False,False,2021,12
20210913,2021-09-13,2021,3,Q3,9,Septembre,37,13,0,Lundi,False,False,False,2021,12
20210914,2021-09-14,2021,3,Q3,9,Septembre,37,14,1,Mardi,False,False,False,2021,12
20210915,2021-09-15,2021,3,Q3,9,Septembre,37,15,2,Mercredi,False,False,False,2021,12
20210916,2021-09-16,2021,3,Q3,9,Septembre,37,16,3,Jeudi,False,False,False,2021,12
20210917,2021-09-17,2021,3,Q3,9,Septembre,37,17,4,Vendredi,False,False,False,2021,12
20210918,2021-09-18,2021,3,Q3,9,Septembre,37,18,5,Samedi,True,False,False,2021,12
20210919,2021-09-19,2021,3,Q3,9,Septembre,37,19,6,Dimanche,True,False,False,2021,12
20210920,2021-09-20,2021,3,Q3,9,Septembre,38,20,0,Lundi,False,False,False,2021,12
20210921,2021-09-21,2021,3,Q3,9,Septembre,38,21,1,Mardi,False,False,False,2021,12
20210922,2021-09-22,2021,3,Q3,9,Septembre,38,22,2,Mercredi,False,False,False,2021,12
20210923,2021-09-23,2021,3,Q3,9,Septembre,38,23,3,Jeudi,False,False,False,2021,12
20210924,2021-09-24,2021,3,Q3,9,Septembre,38,24,4,Vendredi,False,False,False,2021,12
20210925,2021-09-25,2021,3,Q3,9,Septembre,38,25,5,Samedi,True,False,False,2021,12
20210926,2021-09-26,2021,3,Q3,9,Septembre,38,26,6,Dimanche,True,False,False,2021,12
20210927,2021-09-27,2021,3,Q3,9,Septembre,39,27,0,Lundi,False,False,False,2021,12
20210928,2021-09-28,2021,3,Q3,9,Septembre,39,28,1,Mardi,False,False,False,2021,12
20210929,2021-09-29,2021,3,Q3,9,Septembre,39,29,2,Mercredi,False,False,False,2021,12
20210930,2021-09-30,2021,3,Q3,9,Septembre,39,30,3,Jeudi,False,False,True,2021,12
20211001,2021-10-01,2021,4,Q4,10,Octobre,39,1,4,Vendredi,False,True,False,2022,1
20211002,2021-10-02,2021,4,Q4,10,Octobre,39,2,5,Samedi,True,False,False,2022,1
20211003,2021-10-03,2021,4,Q4,10,Octobre,39,3,6,Dimanche,True,False,False,2022,1
20211004,2021-10-04,2021,4,Q4,10,Octobre,40,4,0,Lundi,False,False,False,2022,1
20211005,2021-10-05,2021,4,Q4,10,Octobre,40,5,1,Mardi,False,False,False,2022,1
20211006,2021-10-06,2021,4,Q4,10,Octobre,40,6,2,Mercredi,False,False,False,2022,1
20211007,2021-10-07,2021,4,Q4,10,Octobre,40,7,3,Jeudi,False,False,False,2022,1
20211008,2021-10-08,2021,4,Q4,10,Octobre,40,8,4,Vendredi,False,False,False,2022,1
20211009,2021-10-09,2021,4,Q4,10,Octobre,40,9,5,Samedi,True,False,False,2022,1
20211010,2021-10-10,2021,4,Q4,10,Octobre,40,10,6,Dimanche,True,False,False,2022,1
20211011,2021-10-11,2021,4,Q4,10,Octobre,41,11,0,Lundi,False,False,False,2022,1
20211012,2021-10-12,2021,4,Q4,10,Octobre,41,12,1,Mardi,False,False,False,2022,1
20211013,2021-10-13,2021,4,Q4,10,Octobre,41,13,2,Mercredi,False,False,False,2022,1
20211014,2021-10-14,2021,4,Q4,10,Octobre,41,14,3,Jeudi,False,False,False,2022,1
20211015,2021-10-15,2021,4,Q4,10,Octobre,41,15,4,Vendredi,False,False,False,2022,1
20211016,2021-10-16,2021,4,Q4,10,Octobre,41,16,5,Samedi,True,False,False,2022,1
20211017,2021-10-17,2021,4,Q4,10,Octobre,41,17,6,Dimanche,True,False,False,2022,1
20211018,2021-10-18,2021,4,Q4,10,Octobre,42,18,0,Lundi,False,False,False,2022,1
20211019,2021-10-19,2021,4,Q4,10,Octobre,42,19,1,Mardi,False,False,False,2022,1
20211020,2021-10-20,2021,4,Q4,10,Octobre,42,20,2,Mercredi,False,False,False,2022,1
20211021,2021-10-21,2021,4,Q4,10,Octobre,42,21,3,Jeudi,False,False,False,2022,1
20211022,2021-10-22,2021,4,Q4,10,Octobre,42,22,4,Vendredi,False,False,False,2022,1
20211023,2021-10-23,2021,4,Q4,10,Octobre,42,23,5,Samedi,True,False,False,2022,1
20211024,2021-10-24,2021,4,Q4,10,Octobre,42,24,6,Dimanche,True,False,False,2022,1
20211025,2021-10-25,2021,4,Q4,10,Octobre,43,25,0,Lundi,False,False,False,2022,1
20211026,2021-10-26,2021,4,Q4,10,Octobre,43,26,1,Mardi,False,False,False,2022,1
20211027,2021-10-27,2021,4,Q4,10,Octobre,43,27,2,Mercredi,False,False,False,2022,1
20211028,2021-10-28,2021,4,Q4,10,Octobre,43,28,3,Jeudi,False,False,False,2022,1
20211029,2021-10-29,2021,4,Q4,10,Octobre,43,29,4,Vendredi,False,False,False,2022,1
20211030,2021-10-30,2021,4,Q4,10,Octobre,43,30,5,Samedi,True,False,False,2022,1
20211031,2021-10-31,2021,4,Q4,10,Octobre,43,31,6,Dimanche,True,False,True,2022,1
20211101,2021-11-01,2021,4,Q4,11,Novembre,44,1,0,Lundi,False,True,False,2022,2
20211102,2021-11-02,2021,4,Q4,11,Novembre,44,2,1,Mardi,False,False,False,2022,2
20211103,2021-11-03,2021,4,Q4,11,Novembre,44,3,2,Mercredi,False,False,False,2022,2
20211104,2021-11-04,2021,4,Q4,11,Novembre,44,4,3,Jeudi,False,False,False,2022,2
20211105,2021-11-05,2021,4,Q4,11,Novembre,44,5,4,Vendredi,False,False,False,2022,2
20211106,2021-11-06,2021,4,Q4,11,Novembre,44,6,5,Samedi,True,False,False,2022,2
20211107,2021-11-07,2021,4,Q4,11,Novembre,44,7,6,Dimanche,True,False,False,2022,2
20211108,2021-11-08,2021,4,Q4,11,Novembre,45,8,0,Lundi,False,False,False,2022,2
20211109,2021-11-09,2021,4,Q4,11,Novembre,45,9,1,Mardi,False,False,False,2022,2
20211110,2021-11-10,2021,4,Q4,11,Novembre,45,10,2,Mercredi,False,False,False,2022,2
20211111,2021-11-11,2021,4,Q4,11,Novembre,45,11,3,Jeudi,False,False,False,2022,2
20211112,2021-11-12,2021,4,Q4,11,Novembre,45,12,4,Vendredi,False,False,False,2022,2
20211113,2021-11-13,2021,4,Q4,11,Novembre,45,13,5,Samedi,True,False,False,2022,2
20211114,2021-11-14,2021,4,Q4,11,Novembre,45,14,6,Dimanche,True,False,False,2022,2
20211115,2021-11-15,2021,4,Q4,11,Novembre,46,15,0,Lundi,False,False,False,2022,2
20211116,2021-11-16,2021,4,Q4,11,Novembre,46,16,1,Mardi,False,False,False,2022,2
20211117,2021-11-17,2021,4,Q4,11,Novembre,46,17,2,Mercredi,False,False,False,2022,2
20211118,2021-11-18,2021,4,Q4,11,Novembre,46,18,3,Jeudi,False,False,False,2022,2
20211119,2021-11-19,2021,4,Q4,11,Novembre,46,19,4,Vendredi,False,False,False,2022,2
20211120,2021-11-20,2021,4,Q4,11,Novembre,46,20,5,Samedi,True,False,False,2022,2
20211121,2021-11-21,2021,4,Q4,11,Novembre,46,21,6,Dimanche,True,False,False,2022,2
20211122,2021-11-22,2021,4,Q4,11,Novembre,47,22,0,Lundi,False,False,False,2022,2
20211123,2021-11-23,2021,4,Q4,11,Novembre,47,23,1,Mardi,False,False,False,2022,2
20211124,2021-11-24,2021,4,Q4,11,Novembre,47,24,2,Mercredi,False,False,False,2022,2
20211125,2021-11-25,2021,4,Q4,11,Novembre,47,25,3,Jeudi,False,False,False,2022,2
20211126,2021-11-26,2021,4,Q4,11,Novembre,47,26,4,Vendredi,False,False,False,2022,2
20211127,2021-11-27,2021,4,Q4,11,Novembre,47,27,5,Samedi,True,False,False,2022,2
20211128,2021-11-28,2021,4,Q4,11,Novembre,47,28,6,Dimanche,True,False,False,2022,2
20211129,2021-11-29,2021,4,Q4,11,Novembre,48,29,0,Lundi,False,False,False,2022,2
20211130,2021-11-30,2021,4,Q4,11,Novembre,48,30,1,Mardi,False,False,True,2022,2
20211201,2021-12-01,2021,4,Q4,12,Décembre,48,1,2,Mercredi,False,True,False,2022,3
20211202,2021-12-02,2021,4,Q4,12,Décembre,48,2,3,Jeudi,False,False,False,2022,3
20211203,2021-12-03,2021,4,Q4,12,Décembre,48,3,4,Vendredi,False,False,False,2022,3
20211204,2021-12-04,2021,4,Q4,12,Décembre,48,4,5,Samedi,True,False,False,2022,3
20211205,2021-12-05,2021,4,Q4,12,Décembre,48,5,6,Dimanche,True,False,False,2022,3
20211206,2021-12-06,2021,4,Q4,12,Décembre,49,6,0,Lundi,False,False,False,2022,3
20211207,2021-12-07,2021,4,Q4,12,Décembre,49,7,1,Mardi,False,False,False,2022,3
20211208,2021-12-08,2021,4,Q4,12,Décembre,49,8,2,Mercredi,False,False,False,2022,3
20211209,2021-12-09,2021,4,Q4,12,Décembre,49,9,3,Jeudi,False,False,False,2022,3
20211210,2021-12-10,2021,4,Q4,12,Décembre,49,10,4,Vendredi,False,False,False,2022,3
20211211,2021-12-11,2021,4,Q4,12,Décembre,49,11,5,Samedi,True,False,False,2022,3
20211212,2021-12-12,2021,4,Q4,12,Décembre,49,12,6,Dimanche,True,False,False,2022,3
20211213,2021-12-13,2021,4,Q4,12,Décembre,50,13,0,Lundi,False,False,False,2022,3
20211214,2021-12-14,2021,4,Q4,12,Décembre,50,14,1,Mardi,False,False,False,2022,3
20211215,2021-12-15,2021,4,Q4,12,Décembre,50,15,2,Mercredi,False,False,False,2022,3
20211216,2021-12-16,2021,4,Q4,12,Décembre,50,16,3,Jeudi,False,False,False,2022,3
20211217,2021-12-17,2021,4,Q4,12,Décembre,50,17,4,Vendredi,False,False,False,2022,3
20211218,2021-12-18,2021,4,Q4,12,Décembre,50,18,5,Samedi,True,False,False,2022,3
20211219,2021-12-19,2021,4,Q4,12,Décembre,50,19,6,Dimanche,True,False,False,2022,3
20211220,2021-12-20,2021,4,Q4,12,Décembre,51,20,0,Lundi,False,False,False,2022,3
20211221,2021-12-21,2021,4,Q4,12,Décembre,51,21,1,Mardi,False,False,False,2022,3
20211222,2021-12-22,2021,4,Q4,12,Décembre,51,22,2,Mercredi,False,False,False,2022,3
20211223,2021-12-23,2021,4,Q4,12,Décembre,51,23,3,Jeudi,False,False,False,2022,3
20211224,2021-12-24,2021,4,Q4,12,Décembre,51,24,4,Vendredi,False,False,False,2022,3
20211225,2021-12-25,2021,4,Q4,12,Décembre,51,25,5,Samedi,True,False,False,2022,3
20211226,2021-12-26,2021,4,Q4,12,Décembre,51,26,6,Dimanche,True,False,False,2022,3
20211227,2021-12-27,2021,4,Q4,12,Décembre,52,27,0,Lundi,False,False,False,2022,3
20211228,2021-12-28,2021,4,Q4,12,Décembre,52,28,1,Mardi,False,False,False,2022,3
20211229,2021-12-29,2021,4,Q4,12,Décembre,52,29,2,Mercredi,False,False,False,2022,3
20211230,2021-12-30,2021,4,Q4,12,Décembre,52,30,3,Jeudi,False,False,False,2022,3
20211231,2021-12-31,2021,4,Q4,12,Décembre,52,31,4,Vendredi,False,False,True,2022,3
20220101,2022-01-01,2022,1,Q1,1,Janvier,52,1,5,Samedi,True,True,False,2022,4
20220102,2022-01-02,2022,1,Q1,1,Janvier,52,2,6,Dimanche,True,False,False,2022,4
20220103,2022-01-03,2022,1,Q1,1,Janvier,1,3,0,Lundi,False,False,False,2022,4
20220104,2022-01-04,2022,1,Q1,1,Janvier,1,4,1,Mardi,False,False,False,2022,4
20220105,2022-01-05,2022,1,Q1,1,Janvier,1,5,2,Mercredi,False,False,False,2022,4
20220106,2022-01-06,2022,1,Q1,1,Janvier,1,6,3,Jeudi,False,False,False,2022,4
20220107,2022-01-07,2022,1,Q1,1,Janvier,1,7,4,Vendredi,False,False,False,2022,4
20220108,2022-01-08,2022,1,Q1,1,Janvier,1,8,5,Samedi,True,False,False,2022,4
20220109,2022-01-09,2022,1,Q1,1,Janvier,1,9,6,Dimanche,True,False,False,2022,4
20220110,2022-01-10,2022,1,Q1,1,Janvier,2,10,0,Lundi,False,False,False,2022,4
20220111,2022-01-11,2022,1,Q1,1,Janvier,2,11,1,Mardi,False,False,False,2022,4
20220112,2022-01-12,2022,1,Q1,1,Janvier,2,12,2,Mercredi,False,False,False,2022,4
20220113,2022-01-13,2022,1,Q1,1,Janvier,2,13,3,Jeudi,False,False,False,2022,4
20220114,2022-01-14,2022,1,Q1,1,Janvier,2,14,4,Vendredi,False,False,False,2022,4
20220115,2022-01-15,2022,1,Q1,1,Janvier,2,15,5,Samedi,True,False,False,2022,4
20220116,2022-01-16,2022,1,Q1,1,Janvier,2,16,6,Dimanche,True,False,False,2022,4
20220117,2022-01-17,2022,1,Q1,1,Janvier,3,17,0,Lundi,False,False,False,2022,4
20220118,2022-01-18,2022,1,Q1,1,Janvier,3,18,1,Mardi,False,False,False,2022,4
20220119,2022-01-19,2022,1,Q1,1,Janvier,3,19,2,Mercredi,False,False,False,2022,4
20220120,2022-01-20,2022,1,Q1,1,Janvier,3,20,3,Jeudi,False,False,False,2022,4
20220121,2022-01-21,2022,1,Q1,1,Janvier,3,21,4,Vendredi,False,False,False,2022,4
20220122,2022-01-22,2022,1,Q1,1,Janvier,3,22,5,Samedi,True,False,False,2022,4
20220123,2022-01-23,2022,1,Q1,1,Janvier,3,23,6,Dimanche,True,False,False,2022,4
20220124,2022-01-24,2022,1,Q1,1,Janvier,4,24,0,Lundi,False,False,False,2022,4
20220125,2022-01-25,2022,1,Q1,1,Janvier,4,25,1,Mardi,False,False,False,2022,4
20220126,2022-01-26,2022,1,Q1,1,Janvier,4,26,2,Mercredi,False,False,False,2022,4
20220127,2022-01-27,2022,1,Q1,1,Janvier,4,27,3,Jeudi,False,False,False,2022,4
20220128,2022-01-28,2022,1,Q1,1,Janvier,4,28,4,Vendredi,False,False,False,2022,4
20220129,2022-01-29,2022,1,Q1,1,Janvier,4,29,5,Samedi,True,False,False,2022,4
20220130,2022-01-30,2022,1,Q1,1,Janvier,4,30,6,Dimanche,True,False,False,2022,4
20220131,2022-01-31,2022,1,Q1,1,Janvier,5,31,0,Lundi,False,False,True,2022,4
20220201,2022-02-01,2022,1,Q1,2,Février,5,1,1,Mardi,False,True,False,2022,5
20220202,2022-02-02,2022,1,Q1,2,Février,5,2,2,Mercredi,False,False,False,2022,5
20220203,2022-02-03,2022,1,Q1,2,Février,5,3,3,Jeudi,False,False,False,2022,5
20220204,2022-02-04,2022,1,Q1,2,Février,5,4,4,Vendredi,False,False,False,2022,5
20220205,2022-02-05,2022,1,Q1,2,Février,5,5,5,Samedi,True,False,False,2022,5
20220206,2022-02-06,2022,1,Q1,2,Février,5,6,6,Dimanche,True,False,False,2022,5
20220207,2022-02-07,2022,1,Q1,2,Février,6,7,0,Lundi,False,False,False,2022,5
20220208,2022-02-08,2022,1,Q1,2,Février,6,8,1,Mardi,False,False,False,2022,5
20220209,2022-02-09,2022,1,Q1,2,Février,6,9,2,Mercredi,False,False,False,2022,5
20220210,2022-02-10,2022,1,Q1,2,Février,6,10,3,Jeudi,False,False,False,2022,5
20220211,2022-02-11,2022,1,Q1,2,Février,6,11,4,Vendredi,False,False,False,2022,5
20220212,2022-02-12,2022,1,Q1,2,Février,6,12,5,Samedi,True,False,False,2022,5
20220213,2022-02-13,2022,1,Q1,2,Février,6,13,6,Dimanche,True,False,False,2022,5
20220214,2022-02-14,2022,1,Q1,2,Février,7,14,0,Lundi,False,False,False,2022,5
20220215,2022-02-15,2022,1,Q1,2,Février,7,15,1,Mardi,False,False,False,2022,5
20220216,2022-02-16,2022,1,Q1,2,Février,7,16,2,Mercredi,False,False,False,2022,5
20220217,2022-02-17,2022,1,Q1,2,Février,7,17,3,Jeudi,False,False,False,2022,5
20220218,2022-02-18,2022,1,Q1,2,Février,7,18,4,Vendredi,False,False,False,2022,5
20220219,2022-02-19,2022,1,Q1,2,Février,7,19,5,Samedi,True,False,False,2022,5
20220220,2022-02-20,2022,1,Q1,2,Février,7,20,6,Dimanche,True,False,False,2022,5
20220221,2022-02-21,2022,1,Q1,2,Février,8,21,0,Lundi,False,False,False,2022,5
20220222,2022-02-22,2022,1,Q1,2,Février,8,22,1,Mardi,False,False,False,2022,5
20220223,2022-02-23,2022,1,Q1,2,Février,8,23,2,Mercredi,False,False,False,2022,5
20220224,2022-02-24,2022,1,Q1,2,Février,8,24,3,Jeudi,False,False,False,2022,5
20220225,2022-02-25,2022,1,Q1,2,Février,8,25,4,Vendredi,False,False,False,2022,5
20220226,2022-02-26,2022,1,Q1,2,Février,8,26,5,Samedi,True,False,False,2022,5
20220227,2022-02-27,2022,1,Q1,2,Février,8,27,6,Dimanche,True,False,False,2022,5
20220228,2022-02-28,2022,1,Q1,2,Février,9,28,0,Lundi,False,False,True,2022,5
20220301,2022-03-01,2022,1,Q1,3,Mars,9,1,1,Mardi,False,True,False,2022,6
20220302,2022-03-02,2022,1,Q1,3,Mars,9,2,2,Mercredi,False,False,False,2022,6
20220303,2022-03-03,2022,1,Q1,3,Mars,9,3,3,Jeudi,False,False,False,2022,6
20220304,2022-03-04,2022,1,Q1,3,Mars,9,4,4,Vendredi,False,False,False,2022,6
20220305,2022-03-05,2022,1,Q1,3,Mars,9,5,5,Samedi,True,False,False,2022,6
20220306,2022-03-06,2022,1,Q1,3,Mars,9,6,6,Dimanche,True,False,False,2022,6
20220307,2022-03-07,2022,1,Q1,3,Mars,10,7,0,Lundi,False,False,False,2022,6
20220308,2022-03-08,2022,1,Q1,3,Mars,10,8,1,Mardi,False,False,False,2022,6
20220309,2022-03-09,2022,1,Q1,3,Mars,10,9,2,Mercredi,False,False,False,2022,6
20220310,2022-03-10,2022,1,Q1,3,Mars,10,10,3,Jeudi,False,False,False,2022,6
20220311,2022-03-11,2022,1,Q1,3,Mars,10,11,4,Vendredi,False,False,False,2022,6
20220312,2022-03-12,2022,1,Q1,3,Mars,10,12,5,Samedi,True,False,False,2022,6
20220313,2022-03-13,2022,1,Q1,3,Mars,10,13,6,Dimanche,True,False,False,2022,6
20220314,2022-03-14,2022,1,Q1,3,Mars,11,14,0,Lundi,False,False,False,2022,6
20220315,2022-03-15,2022,1,Q1,3,Mars,11,15,1,Mardi,False,False,False,2022,6
20220316,2022-03-16,2022,1,Q1,3,Mars,11,16,2,Mercredi,False,False,False,2022,6
20220317,2022-03-17,2022,1,Q1,3,Mars,11,17,3,Jeudi,False,False,False,2022,6
20220318,2022-03-18,2022,1,Q1,3,Mars,11,18,4,Vendredi,False,False,False,2022,6
20220319,2022-03-19,2022,1,Q1,3,Mars,11,19,5,Samedi,True,False,False,2022,6
20220320,2022-03-20,2022,1,Q1,3,Mars,11,20,6,Dimanche,True,False,False,2022,6
20220321,2022-03-21,2022,1,Q1,3,Mars,12,21,0,Lundi,False,False,False,2022,6
20220322,2022-03-22,2022,1,Q1,3,Mars,12,22,1,Mardi,False,False,False,2022,6
20220323,2022-03-23,2022,1,Q1,3,Mars,12,23,2,Mercredi,False,False,False,2022,6
20220324,2022-03-24,2022,1,Q1,3,Mars,12,24,3,Jeudi,False,False,False,2022,6
20220325,2022-03-25,2022,1,Q1,3,Mars,12,25,4,Vendredi,False,False,False,2022,6
20220326,2022-03-26,2022,1,Q1,3,Mars,12,26,5,Samedi,True,False,False,2022,6
20220327,2022-03-27,2022,1,Q1,3,Mars,12,27,6,Dimanche,True,False,False,2022,6
20220328,2022-03-28,2022,1,Q1,3,Mars,13,28,0,Lundi,False,False,False,2022,6
20220329,2022-03-29,2022,1,Q1,3,Mars,13,29,1,Mardi,False,False,False,2022,6
20220330,2022-03-30,2022,1,Q1,3,Mars,13,30,2,Mercredi,False,False,False,2022,6
20220331,2022-03-31,2022,1,Q1,3,Mars,13,31,3,Jeudi,False,False,True,2022,6
20220401,2022-04-01,2022,2,Q2,4,Avril,13,1,4,Vendredi,False,True,False,2022,7
20220402,2022-04-02,2022,2,Q2,4,Avril,13,2,5,Samedi,True,False,False,2022,7
20220403,2022-04-03,2022,2,Q2,4,Avril,13,3,6,Dimanche,True,False,False,2022,7
20220404,2022-04-04,2022,2,Q2,4,Avril,14,4,0,Lundi,False,False,False,2022,7
20220405,2022-04-05,2022,2,Q2,4,Avril,14,5,1,Mardi,False,False,False,2022,7
20220406,2022-04-06,2022,2,Q2,4,Avril,14,6,2,Mercredi,False,False,False,2022,7
20220407,2022-04-07,2022,2,Q2,4,Avril,14,7,3,Jeudi,False,False,False,2022,7
20220408,2022-04-08,2022,2,Q2,4,Avril,14,8,4,Vendredi,False,False,False,2022,7
20220409,2022-04-09,2022,2,Q2,4,Avril,14,9,5,Samedi,True,False,False,2022,7
20220410,2022-04-10,2022,2,Q2,4,Avril,14,10,6,Dimanche,True,False,False,2022,7
20220411,2022-04-11,2022,2,Q2,4,Avril,15,11,0,Lundi,False,False,False,2022,7
20220412,2022-04-12,2022,2,Q2,4,Avril,15,12,1,Mardi,False,False,False,2022,7
20220413,2022-04-13,2022,2,Q2,4,Avril,15,13,2,Mercredi,False,False,False,2022,7
20220414,2022-04-14,2022,2,Q2,4,Avril,15,14,3,Jeudi,False,False,False,2022,7
20220415,2022-04-15,2022,2,Q2,4,Avril,15,15,4,Vendredi,False,False,False,2022,7
20220416,2022-04-16,2022,2,Q2,4,Avril,15,16,5,Samedi,True,False,False,2022,7
20220417,2022-04-17,2022,2,Q2,4,Avril,15,17,6,Dimanche,True,False,False,2022,7
20220418,2022-04-18,2022,2,Q2,4,Avril,16,18,0,Lundi,False,False,False,2022,7
20220419,2022-04-19,2022,2,Q2,4,Avril,16,19,1,Mardi,False,False,False,2022,7
20220420,2022-04-20,2022,2,Q2,4,Avril,16,20,2,Mercredi,False,False,False,2022,7
20220421,2022-04-21,2022,2,Q2,4,Avril,16,21,3,Jeudi,False,False,False,2022,7
20220422,2022-04-22,2022,2,Q2,4,Avril,16,22,4,Vendredi,False,False,False,2022,7
20220423,2022-04-23,2022,2,Q2,4,Avril,16,23,5,Samedi,True,False,False,2022,7
20220424,2022-04-24,2022,2,Q2,4,Avril,16,24,6,Dimanche,True,False,False,2022,7
20220425,2022-04-25,2022,2,Q2,4,Avril,17,25,0,Lundi,False,False,False,2022,7
20220426,2022-04-26,2022,2,Q2,4,Avril,17,26,1,Mardi,False,False,False,2022,7
20220427,2022-04-27,2022,2,Q2,4,Avril,17,27,2,Mercredi,False,False,False,2022,7
20220428,2022-04-28,2022,2,Q2,4,Avril,17,28,3,Jeudi,False,False,False,2022,7
20220429,2022-04-29,2022,2,Q2,4,Avril,17,29,4,Vendredi,False,False,False,2022,7
20220430,2022-04-30,2022,2,Q2,4,Avril,17,30,5,Samedi,True,False,True,2022,7
20220501,2022-05-01,2022,2,Q2,5,Mai,17,1,6,Dimanche,True,True,False,2022,8
20220502,2022-05-02,2022,2,Q2,5,Mai,18,2,0,Lundi,False,False,False,2022,8
20220503,2022-05-03,2022,2,Q2,5,Mai,18,3,1,Mardi,False,False,False,2022,8
20220504,2022-05-04,2022,2,Q2,5,Mai,18,4,2,Mercredi,False,False,False,2022,8
20220505,2022-05-05,2022,2,Q2,5,Mai,18,5,3,Jeudi,False,False,False,2022,8
20220506,2022-05-06,2022,2,Q2,5,Mai,18,6,4,Vendredi,False,False,False,2022,8
20220507,2022-05-07,2022,2,Q2,5,Mai,18,7,5,Samedi,True,False,False,2022,8
20220508,2022-05-08,2022,2,Q2,5,Mai,18,8,6,Dimanche,True,False,False,2022,8
20220509,2022-05-09,2022,2,Q2,5,Mai,19,9,0,Lundi,False,False,False,2022,8
20220510,2022-05-10,2022,2,Q2,5,Mai,19,10,1,Mardi,False,False,False,2022,8
20220511,2022-05-11,2022,2,Q2,5,Mai,19,11,2,Mercredi,False,False,False,2022,8
20220512,2022-05-12,2022,2,Q2,5,Mai,19,12,3,Jeudi,False,False,False,2022,8
20220513,2022-05-13,2022,2,Q2,5,Mai,19,13,4,Vendredi,False,False,False,2022,8
20220514,2022-05-14,2022,2,Q2,5,Mai,19,14,5,Samedi,True,False,False,2022,8
20220515,2022-05-15,2022,2,Q2,5,Mai,19,15,6,Dimanche,True,False,False,2022,8
20220516,2022-05-16,2022,2,Q2,5,Mai,20,16,0,Lundi,False,False,False,2022,8
20220517,2022-05-17,2022,2,Q2,5,Mai,20,17,1,Mardi,False,False,False,2022,8
20220518,2022-05-18,2022,2,Q2,5,Mai,20,18,2,Mercredi,False,False,False,2022,8
20220519,2022-05-19,2022,2,Q2,5,Mai,20,19,3,Jeudi,False,False,False,2022,8
20220520,2022-05-20,2022,2,Q2,5,Mai,20,20,4,Vendredi,False,False,False,2022,8
20220521,2022-05-21,2022,2,Q2,5,Mai,20,21,5,Samedi,True,False,False,2022,8
20220522,2022-05-22,2022,2,Q2,5,Mai,20,22,6,Dimanche,True,False,False,2022,8
20220523,2022-05-23,2022,2,Q2,5,Mai,21,23,0,Lundi,False,False,False,2022,8
20220524,2022-05-24,2022,2,Q2,5,Mai,21,24,1,Mardi,False,False,False,2022,8
20220525,2022-05-25,2022,2,Q2,5,Mai,21,25,2,Mercredi,False,False,False,2022,8
20220526,2022-05-26,2022,2,Q2,5,Mai,21,26,3,Jeudi,False,False,False,2022,8
20220527,2022-05-27,2022,2,Q2,5,Mai,21,27,4,Vendredi,False,False,False,2022,8
20220528,2022-05-28,2022,2,Q2,5,Mai,21,28,5,Samedi,True,False,False,2022,8
20220529,2022-05-29,2022,2,Q2,5,Mai,21,29,6,Dimanche,True,False,False,2022,8
20220530,2022-05-30,2022,2,Q2,5,Mai,22,30,0,Lundi,False,False,False,2022,8
20220531,2022-05-31,2022,2,Q2,5,Mai,22,31,1,Mardi,False,False,True,2022,8
20220601,2022-06-01,2022,2,Q2,6,Juin,22,1,2,Mercredi,False,True,False,2022,9
20220602,2022-06-02,2022,2,Q2,6,Juin,22,2,3,Jeudi,False,False,False,2022,9
20220603,2022-06-03,2022,2,Q2,6,Juin,22,3,4,Vendredi,False,False,False,2022,9
20220604,2022-06-04,2022,2,Q2,6,Juin,22,4,5,Samedi,True,False,False,2022,9
20220605,2022-06-05,2022,2,Q2,6,Juin,22,5,6,Dimanche,True,False,False,2022,9
20220606,2022-06-06,2022,2,Q2,6,Juin,23,6,0,Lundi,False,False,False,2022,9
20220607,2022-06-07,2022,2,Q2,6,Juin,23,7,1,Mardi,False,False,False,2022,9
20220608,2022-06-08,2022,2,Q2,6,Juin,23,8,2,Mercredi,False,False,False,2022,9
20220609,2022-06-09,2022,2,Q2,6,Juin,23,9,3,Jeudi,False,False,False,2022,9
20220610,2022-06-10,2022,2,Q2,6,Juin,23,10,4,Vendredi,False,False,False,2022,9
20220611,2022-06-11,2022,2,Q2,6,Juin,23,11,5,Samedi,True,False,False,2022,9
20220612,2022-06-12,2022,2,Q2,6,Juin,23,12,6,Dimanche,True,False,False,2022,9
20220613,2022-06-13,2022,2,Q2,6,Juin,24,13,0,Lundi,False,False,False,2022,9
20220614,2022-06-14,2022,2,Q2,6,Juin,24,14,1,Mardi,False,False,False,2022,9
20220615,2022-06-15,2022,2,Q2,6,Juin,24,15,2,Mercredi,False,False,False,2022,9
20220616,2022-06-16,2022,2,Q2,6,Juin,24,16,3,Jeudi,False,False,False,2022,9
20220617,2022-06-17,2022,2,Q2,6,Juin,24,17,4,Vendredi,False,False,False,2022,9
20220618,2022-06-18,2022,2,Q2,6,Juin,24,18,5,Samedi,True,False,False,2022,9
20220619,2022-06-19,2022,2,Q2,6,Juin,24,19,6,Dimanche,True,False,False,2022,9
20220620,2022-06-20,2022,2,Q2,6,Juin,25,20,0,Lundi,False,False,False,2022,9
20220621,2022-06-21,2022,2,Q2,6,Juin,25,21,1,Mardi,False,False,False,2022,9
20220622,2022-06-22,2022,2,Q2,6,Juin,25,22,2,Mercredi,False,False,False,2022,9
20220623,2022-06-23,2022,2,Q2,6,Juin,25,23,3,Jeudi,False,False,False,2022,9
20220624,2022-06-24,2022,2,Q2,6,Juin,25,24,4,Vendredi,False,False,False,2022,9
20220625,2022-06-25,2022,2,Q2,6,Juin,25,25,5,Samedi,True,False,False,2022,9
20220626,2022-06-26,2022,2,Q2,6,Juin,25,26,6,Dimanche,True,False,False,2022,9
20220627,2022-06-27,2022,2,Q2,6,Juin,26,27,0,Lundi,False,False,False,2022,9
20220628,2022-06-28,2022,2,Q2,6,Juin,26,28,1,Mardi,False,False,False,2022,9
20220629,2022-06-29,2022,2,Q2,6,Juin,26,29,2,Mercredi,False,False,False,2022,9
20220630,2022-06-30,2022,2,Q2,6,Juin,26,30,3,Jeudi,False,False,True,2022,9
20220701,2022-07-01,2022,3,Q3,7,Juillet,26,1,4,Vendredi,False,True,False,2022,10
20220702,2022-07-02,2022,3,Q3,7,Juillet,26,2,5,Samedi,True,False,False,2022,10
20220703,2022-07-03,2022,3,Q3,7,Juillet,26,3,6,Dimanche,True,False,False,2022,10
20220704,2022-07-04,2022,3,Q3,7,Juillet,27,4,0,Lundi,False,False,False,2022,10
20220705,2022-07-05,2022,3,Q3,7,Juillet,27,5,1,Mardi,False,False,False,2022,10
20220706,2022-07-06,2022,3,Q3,7,Juillet,27,6,2,Mercredi,False,False,False,2022,10
20220707,2022-07-07,2022,3,Q3,7,Juillet,27,7,3,Jeudi,False,False,False,2022,10
20220708,2022-07-08,2022,3,Q3,7,Juillet,27,8,4,Vendredi,False,False,False,2022,10
20220709,2022-07-09,2022,3,Q3,7,Juillet,27,9,5,Samedi,True,False,False,2022,10
20220710,2022-07-10,2022,3,Q3,7,Juillet,27,10,6,Dimanche,True,False,False,2022,10
20220711,2022-07-11,2022,3,Q3,7,Juillet,28,11,0,Lundi,False,False,False,2022,10
20220712,2022-07-12,2022,3,Q3,7,Juillet,28,12,1,Mardi,False,False,False,2022,10
20220713,2022-07-13,2022,3,Q3,7,Juillet,28,13,2,Mercredi,False,False,False,2022,10
20220714,2022-07-14,2022,3,Q3,7,Juillet,28,14,3,Jeudi,False,False,False,2022,10
20220715,2022-07-15,2022,3,Q3,7,Juillet,28,15,4,Vendredi,False,False,False,2022,10
20220716,2022-07-16,2022,3,Q3,7,Juillet,28,16,5,Samedi,True,False,False,2022,10
20220717,2022-07-17,2022,3,Q3,7,Juillet,28,17,6,Dimanche,True,False,False,2022,10
20220718,2022-07-18,2022,3,Q3,7,Juillet,29,18,0,Lundi,False,False,False,2022,10
20220719,2022-07-19,2022,3,Q3,7,Juillet,29,19,1,Mardi,False,False,False,2022,10
20220720,2022-07-20,2022,3,Q3,7,Juillet,29,20,2,Mercredi,False,False,False,2022,10
20220721,2022-07-21,2022,3,Q3,7,Juillet,29,21,3,Jeudi,False,False,False,2022,10
20220722,2022-07-22,2022,3,Q3,7,Juillet,29,22,4,Vendredi,False,False,False,2022,10
20220723,2022-07-23,2022,3,Q3,7,Juillet,29,23,5,Samedi,True,False,False,2022,10
20220724,2022-07-24,2022,3,Q3,7,Juillet,29,24,6,Dimanche,True,False,False,2022,10
20220725,2022-07-25,2022,3,Q3,7,Juillet,30,25,0,Lundi,False,False,False,2022,10
20220726,2022-07-26,2022,3,Q3,7,Juillet,30,26,1,Mardi,False,False,False,2022,10
20220727,2022-07-27,2022,3,Q3,7,Juillet,30,27,2,Mercredi,False,False,False,2022,10
20220728,2022-07-28,2022,3,Q3,7,Juillet,30,28,3,Jeudi,False,False,False,2022,10
20220729,2022-07-29,2022,3,Q3,7,Juillet,30,29,4,Vendredi,False,False,False,2022,10
20220730,2022-07-30,2022,3,Q3,7,Juillet,30,30,5,Samedi,True,False,False,2022,10
20220731,2022-07-31,2022,3,Q3,7,Juillet,30,31,6,Dimanche,True,False,True,2022,10
20220801,2022-08-01,2022,3,Q3,8,Août,31,1,0,Lundi,False,True,False,2022,11
20220802,2022-08-02,2022,3,Q3,8,Août,31,2,1,Mardi,False,False,False,2022,11
20220803,2022-08-03,2022,3,Q3,8,Août,31,3,2,Mercredi,False,False,False,2022,11
20220804,2022-08-04,2022,3,Q3,8,Août,31,4,3,Jeudi,False,False,False,2022,11
20220805,2022-08-05,2022,3,Q3,8,Août,31,5,4,Vendredi,False,False,False,2022,11
20220806,2022-08-06,2022,3,Q3,8,Août,31,6,5,Samedi,True,False,False,2022,11
20220807,2022-08-07,2022,3,Q3,8,Août,31,7,6,Dimanche,True,False,False,2022,11
20220808,2022-08-08,2022,3,Q3,8,Août,32,8,0,Lundi,False,False,False,2022,11
20220809,2022-08-09,2022,3,Q3,8,Août,32,9,1,Mardi,False,False,False,2022,11
20220810,2022-08-10,2022,3,Q3,8,Août,32,10,2,Mercredi,False,False,False,2022,11
20220811,2022-08-11,2022,3,Q3,8,Août,32,11,3,Jeudi,False,False,False,2022,11
20220812,2022-08-12,2022,3,Q3,8,Août,32,12,4,Vendredi,False,False,False,2022,11
20220813,2022-08-13,2022,3,Q3,8,Août,32,13,5,Samedi,True,False,False,2022,11
20220814,2022-08-14,2022,3,Q3,8,Août,32,14,6,Dimanche,True,False,False,2022,11
20220815,2022-08-15,2022,3,Q3,8,Août,33,15,0,Lundi,False,False,False,2022,11
20220816,2022-08-16,2022,3,Q3,8,Août,33,16,1,Mardi,False,False,False,2022,11
20220817,2022-08-17,2022,3,Q3,8,Août,33,17,2,Mercredi,False,False,False,2022,11
20220818,2022-08-18,2022,3,Q3,8,Août,33,18,3,Jeudi,False,False,False,2022,11
20220819,2022-08-19,2022,3,Q3,8,Août,33,19,4,Vendredi,False,False,False,2022,11
20220820,2022-08-20,2022,3,Q3,8,Août,33,20,5,Samedi,True,False,False,2022,11
20220821,2022-08-21,2022,3,Q3,8,Août,33,21,6,Dimanche,True,False,False,2022,11
20220822,2022-08-22,2022,3,Q3,8,Août,34,22,0,Lundi,False,False,False,2022,11
20220823,2022-08-23,2022,3,Q3,8,Août,34,23,1,Mardi,False,False,False,2022,11
20220824,2022-08-24,2022,3,Q3,8,Août,34,24,2,Mercredi,False,False,False,2022,11
20220825,2022-08-25,2022,3,Q3,8,Août,34,25,3,Jeudi,False,False,False,2022,11
20220826,2022-08-26,2022,3,Q3,8,Août,34,26,4,Vendredi,False,False,False,2022,11
20220827,2022-08-27,2022,3,Q3,8,Août,34,27,5,Samedi,True,False,False,2022,11
20220828,2022-08-28,2022,3,Q3,8,Août,34,28,6,Dimanche,True,False,False,2022,11
20220829,2022-08-29,2022,3,Q3,8,Août,35,29,0,Lundi,False,False,False,2022,11
20220830,2022-08-30,2022,3,Q3,8,Août,35,30,1,Mardi,False,False,False,2022,11
20220831,2022-08-31,2022,3,Q3,8,Août,35,31,2,Mercredi,False,False,True,2022,11
20220901,2022-09-01,2022,3,Q3,9,Septembre,35,1,3,Jeudi,False,True,False,2022,12
20220902,2022-09-02,2022,3,Q3,9,Septembre,35,2,4,Vendredi,False,False,False,2022,12
20220903,2022-09-03,2022,3,Q3,9,Septembre,35,3,5,Samedi,True,False,False,2022,12
20220904,2022-09-04,2022,3,Q3,9,Septembre,35,4,6,Dimanche,True,False,False,2022,12
20220905,2022-09-05,2022,3,Q3,9,Septembre,36,5,0,Lundi,False,False,False,2022,12
20220906,2022-09-06,2022,3,Q3,9,Septembre,36,6,1,Mardi,False,False,False,2022,12
20220907,2022-09-07,2022,3,Q3,9,Septembre,36,7,2,Mercredi,False,False,False,2022,12
20220908,2022-09-08,2022,3,Q3,9,Septembre,36,8,3,Jeudi,False,False,False,2022,12
20220909,2022-09-09,2022,3,Q3,9,Septembre,36,9,4,Vendredi,False,False,False,2022,12
20220910,2022-09-10,2022,3,Q3,9,Septembre,36,10,5,Samedi,True,False,False,2022,12
20220911,2022-09-11,2022,3,Q3,9,Septembre,36,11,6,Dimanche,True,False,False,2022,12
20220912,2022-09-12,2022,3,Q3,9,Septembre,37,12,0,Lundi,False,False,False,2022,12
20220913,2022-09-13,2022,3,Q3,9,Septembre,37,13,1,Mardi,False,False,False,2022,12
20220914,2022-09-14,2022,3,Q3,9,Septembre,37,14,2,Mercredi,False,False,False,2022,12
20220915,2022-09-15,2022,3,Q3,9,Septembre,37,15,3,Jeudi,False,False,False,2022,12
20220916,2022-09-16,2022,3,Q3,9,Septembre,37,16,4,Vendredi,False,False,False,2022,12
20220917,2022-09-17,2022,3,Q3,9,Septembre,37,17,5,Samedi,True,False,False,2022,12
20220918,2022-09-18,2022,3,Q3,9,Septembre,37,18,6,Dimanche,True,False,False,2022,12
20220919,2022-09-19,2022,3,Q3,9,Septembre,38,19,0,Lundi,False,False,False,2022,12
20220920,2022-09-20,2022,3,Q3,9,Septembre,38,20,1,Mardi,False,False,False,2022,12
20220921,2022-09-21,2022,3,Q3,9,Septembre,38,21,2,Mercredi,False,False,False,2022,12
20220922,2022-09-22,2022,3,Q3,9,Septembre,38,22,3,Jeudi,False,False,False,2022,12
20220923,2022-09-23,2022,3,Q3,9,Septembre,38,23,4,Vendredi,False,False,False,2022,12
20220924,2022-09-24,2022,3,Q3,9,Septembre,38,24,5,Samedi,True,False,False,2022,12
20220925,2022-09-25,2022,3,Q3,9,Septembre,38,25,6,Dimanche,True,False,False,2022,12
20220926,2022-09-26,2022,3,Q3,9,Septembre,39,26,0,Lundi,False,False,False,2022,12
20220927,2022-09-27,2022,3,Q3,9,Septembre,39,27,1,Mardi,False,False,False,2022,12
20220928,2022-09-28,2022,3,Q3,9,Septembre,39,28,2,Mercredi,False,False,False,2022,12
20220929,2022-09-29,2022,3,Q3,9,Septembre,39,29,3,Jeudi,False,False,False,2022,12
20220930,2022-09-30,2022,3,Q3,9,Septembre,39,30,4,Vendredi,False,False,True,2022,12
20221001,2022-10-01,2022,4,Q4,10,Octobre,39,1,5,Samedi,True,True,False,2023,1
20221002,2022-10-02,2022,4,Q4,10,Octobre,39,2,6,Dimanche,True,False,False,2023,1
20221003,2022-10-03,2022,4,Q4,10,Octobre,40,3,0,Lundi,False,False,False,2023,1
20221004,2022-10-04,2022,4,Q4,10,Octobre,40,4,1,Mardi,False,False,False,2023,1
20221005,2022-10-05,2022,4,Q4,10,Octobre,40,5,2,Mercredi,False,False,False,2023,1
20221006,2022-10-06,2022,4,Q4,10,Octobre,40,6,3,Jeudi,False,False,False,2023,1
20221007,2022-10-07,2022,4,Q4,10,Octobre,40,7,4,Vendredi,False,False,False,2023,1
20221008,2022-10-08,2022,4,Q4,10,Octobre,40,8,5,Samedi,True,False,False,2023,1
20221009,2022-10-09,2022,4,Q4,10,Octobre,40,9,6,Dimanche,True,False,False,2023,1
20221010,2022-10-10,2022,4,Q4,10,Octobre,41,10,0,Lundi,False,False,False,2023,1
20221011,2022-10-11,2022,4,Q4,10,Octobre,41,11,1,Mardi,False,False,False,2023,1
20221012,2022-10-12,2022,4,Q4,10,Octobre,41,12,2,Mercredi,False,False,False,2023,1
20221013,2022-10-13,2022,4,Q4,10,Octobre,41,13,3,Jeudi,False,False,False,2023,1
20221014,2022-10-14,2022,4,Q4,10,Octobre,41,14,4,Vendredi,False,False,False,2023,1
20221015,2022-10-15,2022,4,Q4,10,Octobre,41,15,5,Samedi,True,False,False,2023,1
20221016,2022-10-16,2022,4,Q4,10,Octobre,41,16,6,Dimanche,True,False,False,2023,1
20221017,2022-10-17,2022,4,Q4,10,Octobre,42,17,0,Lundi,False,False,False,2023,1
20221018,2022-10-18,2022,4,Q4,10,Octobre,42,18,1,Mardi,False,False,False,2023,1
20221019,2022-10-19,2022,4,Q4,10,Octobre,42,19,2,Mercredi,False,False,False,2023,1
20221020,2022-10-20,2022,4,Q4,10,Octobre,42,20,3,Jeudi,False,False,False,2023,1
20221021,2022-10-21,2022,4,Q4,10,Octobre,42,21,4,Vendredi,False,False,False,2023,1
20221022,2022-10-22,2022,4,Q4,10,Octobre,42,22,5,Samedi,True,False,False,2023,1
20221023,2022-10-23,2022,4,Q4,10,Octobre,42,23,6,Dimanche,True,False,False,2023,1
20221024,2022-10-24,2022,4,Q4,10,Octobre,43,24,0,Lundi,False,False,False,2023,1
20221025,2022-10-25,2022,4,Q4,10,Octobre,43,25,1,Mardi,False,False,False,2023,1
20221026,2022-10-26,2022,4,Q4,10,Octobre,43,26,2,Mercredi,False,False,False,2023,1
20221027,2022-10-27,2022,4,Q4,10,Octobre,43,27,3,Jeudi,False,False,False,2023,1
20221028,2022-10-28,2022,4,Q4,10,Octobre,43,28,4,Vendredi,False,False,False,2023,1
20221029,2022-10-29,2022,4,Q4,10,Octobre,43,29,5,Samedi,True,False,False,2023,1
20221030,2022-10-30,2022,4,Q4,10,Octobre,43,30,6,Dimanche,True,False,False,2023,1
20221031,2022-10-31,2022,4,Q4,10,Octobre,44,31,0,Lundi,False,False,True,2023,1
20221101,2022-11-01,2022,4,Q4,11,Novembre,44,1,1,Mardi,False,True,False,2023,2
20221102,2022-11-02,2022,4,Q4,11,Novembre,44,2,2,Mercredi,False,False,False,2023,2
20221103,2022-11-03,2022,4,Q4,11,Novembre,44,3,3,Jeudi,False,False,False,2023,2
20221104,2022-11-04,2022,4,Q4,11,Novembre,44,4,4,Vendredi,False,False,False,2023,2
20221105,2022-11-05,2022,4,Q4,11,Novembre,44,5,5,Samedi,True,False,False,2023,2
20221106,2022-11-06,2022,4,Q4,11,Novembre,44,6,6,Dimanche,True,False,False,2023,2
20221107,2022-11-07,2022,4,Q4,11,Novembre,45,7,0,Lundi,False,False,False,2023,2
20221108,2022-11-08,2022,4,Q4,11,Novembre,45,8,1,Mardi,False,False,False,2023,2
20221109,2022-11-09,2022,4,Q4,11,Novembre,45,9,2,Mercredi,False,False,False,2023,2
20221110,2022-11-10,2022,4,Q4,11,Novembre,45,10,3,Jeudi,False,False,False,2023,2
20221111,2022-11-11,2022,4,Q4,11,Novembre,45,11,4,Vendredi,False,False,False,2023,2
20221112,2022-11-12,2022,4,Q4,11,Novembre,45,12,5,Samedi,True,False,False,2023,2
20221113,2022-11-13,2022,4,Q4,11,Novembre,45,13,6,Dimanche,True,False,False,2023,2
20221114,2022-11-14,2022,4,Q4,11,Novembre,46,14,0,Lundi,False,False,False,2023,2
20221115,2022-11-15,2022,4,Q4,11,Novembre,46,15,1,Mardi,False,False,False,2023,2
20221116,2022-11-16,2022,4,Q4,11,Novembre,46,16,2,Mercredi,False,False,False,2023,2
20221117,2022-11-17,2022,4,Q4,11,Novembre,46,17,3,Jeudi,False,False,False,2023,2
20221118,2022-11-18,2022,4,Q4,11,Novembre,46,18,4,Vendredi,False,False,False,2023,2
20221119,2022-11-19,2022,4,Q4,11,Novembre,46,19,5,Samedi,True,False,False,2023,2
20221120,2022-11-20,2022,4,Q4,11,Novembre,46,20,6,Dimanche,True,False,False,2023,2
20221121,2022-11-21,2022,4,Q4,11,Novembre,47,21,0,Lundi,False,False,False,2023,2
20221122,2022-11-22,2022,4,Q4,11,Novembre,47,22,1,Mardi,False,False,False,2023,2
20221123,2022-11-23,2022,4,Q4,11,Novembre,47,23,2,Mercredi,False,False,False,2023,2
20221124,2022-11-24,2022,4,Q4,11,Novembre,47,24,3,Jeudi,False,False,False,2023,2
20221125,2022-11-25,2022,4,Q4,11,Novembre,47,25,4,Vendredi,False,False,False,2023,2
20221126,2022-11-26,2022,4,Q4,11,Novembre,47,26,5,Samedi,True,False,False,2023,2
20221127,2022-11-27,2022,4,Q4,11,Novembre,47,27,6,Dimanche,True,False,False,2023,2
20221128,2022-11-28,2022,4,Q4,11,Novembre,48,28,0,Lundi,False,False,False,2023,2
20221129,2022-11-29,2022,4,Q4,11,Novembre,48,29,1,Mardi,False,False,False,2023,2
20221130,2022-11-30,2022,4,Q4,11,Novembre,48,30,2,Mercredi,False,False,True,2023,2
20221201,2022-12-01,2022,4,Q4,12,Décembre,48,1,3,Jeudi,False,True,False,2023,3
20221202,2022-12-02,2022,4,Q4,12,Décembre,48,2,4,Vendredi,False,False,False,2023,3
20221203,2022-12-03,2022,4,Q4,12,Décembre,48,3,5,Samedi,True,False,False,2023,3
20221204,2022-12-04,2022,4,Q4,12,Décembre,48,4,6,Dimanche,True,False,False,2023,3
20221205,2022-12-05,2022,4,Q4,12,Décembre,49,5,0,Lundi,False,False,False,2023,3
20221206,2022-12-06,2022,4,Q4,12,Décembre,49,6,1,Mardi,False,False,False,2023,3
20221207,2022-12-07,2022,4,Q4,12,Décembre,49,7,2,Mercredi,False,False,False,2023,3
20221208,2022-12-08,2022,4,Q4,12,Décembre,49,8,3,Jeudi,False,False,False,2023,3
20221209,2022-12-09,2022,4,Q4,12,Décembre,49,9,4,Vendredi,False,False,False,2023,3
20221210,2022-12-10,2022,4,Q4,12,Décembre,49,10,5,Samedi,True,False,False,2023,3
20221211,2022-12-11,2022,4,Q4,12,Décembre,49,11,6,Dimanche,True,False,False,2023,3
20221212,2022-12-12,2022,4,Q4,12,Décembre,50,12,0,Lundi,False,False,False,2023,3
20221213,2022-12-13,2022,4,Q4,12,Décembre,50,13,1,Mardi,False,False,False,2023,3
20221214,2022-12-14,2022,4,Q4,12,Décembre,50,14,2,Mercredi,False,False,False,2023,3
20221215,2022-12-15,2022,4,Q4,12,Décembre,50,15,3,Jeudi,False,False,False,2023,3
20221216,2022-12-16,2022,4,Q4,12,Décembre,50,16,4,Vendredi,False,False,False,2023,3
20221217,2022-12-17,2022,4,Q4,12,Décembre,50,17,5,Samedi,True,False,False,2023,3
20221218,2022-12-18,2022,4,Q4,12,Décembre,50,18,6,Dimanche,True,False,False,2023,3
20221219,2022-12-19,2022,4,Q4,12,Décembre,51,19,0,Lundi,False,False,False,2023,3
20221220,2022-12-20,2022,4,Q4,12,Décembre,51,20,1,Mardi,False,False,False,2023,3
20221221,2022-12-21,2022,4,Q4,12,Décembre,51,21,2,Mercredi,False,False,False,2023,3
20221222,2022-12-22,2022,4,Q4,12,Décembre,51,22,3,Jeudi,False,False,False,2023,3
20221223,2022-12-23,2022,4,Q4,12,Décembre,51,23,4,Vendredi,False,False,False,2023,3
20221224,2022-12-24,2022,4,Q4,12,Décembre,51,24,5,Samedi,True,False,False,2023,3
20221225,2022-12-25,2022,4,Q4,12,Décembre,51,25,6,Dimanche,True,False,False,2023,3
20221226,2022-12-26,2022,4,Q4,12,Décembre,52,26,0,Lundi,False,False,False,2023,3
20221227,2022-12-27,2022,4,Q4,12,Décembre,52,27,1,Mardi,False,False,False,2023,3
20221228,2022-12-28,2022,4,Q4,12,Décembre,52,28,2,Mercredi,False,False,False,2023,3
20221229,2022-12-29,2022,4,Q4,12,Décembre,52,29,3,Jeudi,False,False,False,2023,3
20221230,2022-12-30,2022,4,Q4,12,Décembre,52,30,4,Vendredi,False,False,False,2023,3
20221231,2022-12-31,2022,4,Q4,12,Décembre,52,31,5,Samedi,True,False,True,2023,3
20230101,2023-01-01,2023,1,Q1,1,Janvier,52,1,6,Dimanche,True,True,False,2023,4
20230102,2023-01-02,2023,1,Q1,1,Janvier,1,2,0,Lundi,False,False,False,2023,4
20230103,2023-01-03,2023,1,Q1,1,Janvier,1,3,1,Mardi,False,False,False,2023,4
20230104,2023-01-04,2023,1,Q1,1,Janvier,1,4,2,Mercredi,False,False,False,2023,4
20230105,2023-01-05,2023,1,Q1,1,Janvier,1,5,3,Jeudi,False,False,False,2023,4
20230106,2023-01-06,2023,1,Q1,1,Janvier,1,6,4,Vendredi,False,False,False,2023,4
20230107,2023-01-07,2023,1,Q1,1,Janvier,1,7,5,Samedi,True,False,False,2023,4
20230108,2023-01-08,2023,1,Q1,1,Janvier,1,8,6,Dimanche,True,False,False,2023,4
20230109,2023-01-09,2023,1,Q1,1,Janvier,2,9,0,Lundi,False,False,False,2023,4
20230110,2023-01-10,2023,1,Q1,1,Janvier,2,10,1,Mardi,False,False,False,2023,4
20230111,2023-01-11,2023,1,Q1,1,Janvier,2,11,2,Mercredi,False,False,False,2023,4
20230112,2023-01-12,2023,1,Q1,1,Janvier,2,12,3,Jeudi,False,False,False,2023,4
20230113,2023-01-13,2023,1,Q1,1,Janvier,2,13,4,Vendredi,False,False,False,2023,4
20230114,2023-01-14,2023,1,Q1,1,Janvier,2,14,5,Samedi,True,False,False,2023,4
20230115,2023-01-15,2023,1,Q1,1,Janvier,2,15,6,Dimanche,True,False,False,2023,4
20230116,2023-01-16,2023,1,Q1,1,Janvier,3,16,0,Lundi,False,False,False,2023,4
20230117,2023-01-17,2023,1,Q1,1,Janvier,3,17,1,Mardi,False,False,False,2023,4
20230118,2023-01-18,2023,1,Q1,1,Janvier,3,18,2,Mercredi,False,False,False,2023,4
20230119,2023-01-19,2023,1,Q1,1,Janvier,3,19,3,Jeudi,False,False,False,2023,4
20230120,2023-01-20,2023,1,Q1,1,Janvier,3,20,4,Vendredi,False,False,False,2023,4
20230121,2023-01-21,2023,1,Q1,1,Janvier,3,21,5,Samedi,True,False,False,2023,4
20230122,2023-01-22,2023,1,Q1,1,Janvier,3,22,6,Dimanche,True,False,False,2023,4
20230123,2023-01-23,2023,1,Q1,1,Janvier,4,23,0,Lundi,False,False,False,2023,4
20230124,2023-01-24,2023,1,Q1,1,Janvier,4,24,1,Mardi,False,False,False,2023,4
20230125,2023-01-25,2023,1,Q1,1,Janvier,4,25,2,Mercredi,False,False,False,2023,4
20230126,2023-01-26,2023,1,Q1,1,Janvier,4,26,3,Jeudi,False,False,False,2023,4
20230127,2023-01-27,2023,1,Q1,1,Janvier,4,27,4,Vendredi,False,False,False,2023,4
20230128,2023-01-28,2023,1,Q1,1,Janvier,4,28,5,Samedi,True,False,False,2023,4
20230129,2023-01-29,2023,1,Q1,1,Janvier,4,29,6,Dimanche,True,False,False,2023,4
20230130,2023-01-30,2023,1,Q1,1,Janvier,5,30,0,Lundi,False,False,False,2023,4
20230131,2023-01-31,2023,1,Q1,1,Janvier,5,31,1,Mardi,False,False,True,2023,4
20230201,2023-02-01,2023,1,Q1,2,Février,5,1,2,Mercredi,False,True,False,2023,5
20230202,2023-02-02,2023,1,Q1,2,Février,5,2,3,Jeudi,False,False,False,2023,5
20230203,2023-02-03,2023,1,Q1,2,Février,5,3,4,Vendredi,False,False,False,2023,5
20230204,2023-02-04,2023,1,Q1,2,Février,5,4,5,Samedi,True,False,False,2023,5
20230205,2023-02-05,2023,1,Q1,2,Février,5,5,6,Dimanche,True,False,False,2023,5
20230206,2023-02-06,2023,1,Q1,2,Février,6,6,0,Lundi,False,False,False,2023,5
20230207,2023-02-07,2023,1,Q1,2,Février,6,7,1,Mardi,False,False,False,2023,5
20230208,2023-02-08,2023,1,Q1,2,Février,6,8,2,Mercredi,False,False,False,2023,5
20230209,2023-02-09,2023,1,Q1,2,Février,6,9,3,Jeudi,False,False,False,2023,5
20230210,2023-02-10,2023,1,Q1,2,Février,6,10,4,Vendredi,False,False,False,2023,5
20230211,2023-02-11,2023,1,Q1,2,Février,6,11,5,Samedi,True,False,False,2023,5
20230212,2023-02-12,2023,1,Q1,2,Février,6,12,6,Dimanche,True,False,False,2023,5
20230213,2023-02-13,2023,1,Q1,2,Février,7,13,0,Lundi,False,False,False,2023,5
20230214,2023-02-14,2023,1,Q1,2,Février,7,14,1,Mardi,False,False,False,2023,5
20230215,2023-02-15,2023,1,Q1,2,Février,7,15,2,Mercredi,False,False,False,2023,5
20230216,2023-02-16,2023,1,Q1,2,Février,7,16,3,Jeudi,False,False,False,2023,5
20230217,2023-02-17,2023,1,Q1,2,Février,7,17,4,Vendredi,False,False,False,2023,5
20230218,2023-02-18,2023,1,Q1,2,Février,7,18,5,Samedi,True,False,False,2023,5
20230219,2023-02-19,2023,1,Q1,2,Février,7,19,6,Dimanche,True,False,False,2023,5
20230220,2023-02-20,2023,1,Q1,2,Février,8,20,0,Lundi,False,False,False,2023,5
20230221,2023-02-21,2023,1,Q1,2,Février,8,21,1,Mardi,False,False,False,2023,5
20230222,2023-02-22,2023,1,Q1,2,Février,8,22,2,Mercredi,False,False,False,2023,5
20230223,2023-02-23,2023,1,Q1,2,Février,8,23,3,Jeudi,False,False,False,2023,5
20230224,2023-02-24,2023,1,Q1,2,Février,8,24,4,Vendredi,False,False,False,2023,5
20230225,2023-02-25,2023,1,Q1,2,Février,8,25,5,Samedi,True,False,False,2023,5
20230226,2023-02-26,2023,1,Q1,2,Février,8,26,6,Dimanche,True,False,False,2023,5
20230227,2023-02-27,2023,1,Q1,2,Février,9,27,0,Lundi,False,False,False,2023,5
20230228,2023-02-28,2023,1,Q1,2,Février,9,28,1,Mardi,False,False,True,2023,5
20230301,2023-03-01,2023,1,Q1,3,Mars,9,1,2,Mercredi,False,True,False,2023,6
20230302,2023-03-02,2023,1,Q1,3,Mars,9,2,3,Jeudi,False,False,False,2023,6
20230303,2023-03-03,2023,1,Q1,3,Mars,9,3,4,Vendredi,False,False,False,2023,6
20230304,2023-03-04,2023,1,Q1,3,Mars,9,4,5,Samedi,True,False,False,2023,6
20230305,2023-03-05,2023,1,Q1,3,Mars,9,5,6,Dimanche,True,False,False,2023,6
20230306,2023-03-06,2023,1,Q1,3,Mars,10,6,0,Lundi,False,False,False,2023,6
20230307,2023-03-07,2023,1,Q1,3,Mars,10,7,1,Mardi,False,False,False,2023,6
20230308,2023-03-08,2023,1,Q1,3,Mars,10,8,2,Mercredi,False,False,False,2023,6
20230309,2023-03-09,2023,1,Q1,3,Mars,10,9,3,Jeudi,False,False,False,2023,6
20230310,2023-03-10,2023,1,Q1,3,Mars,10,10,4,Vendredi,False,False,False,2023,6
20230311,2023-03-11,2023,1,Q1,3,Mars,10,11,5,Samedi,True,False,False,2023,6
20230312,2023-03-12,2023,1,Q1,3,Mars,10,12,6,Dimanche,True,False,False,2023,6
20230313,2023-03-13,2023,1,Q1,3,Mars,11,13,0,Lundi,False,False,False,2023,6
20230314,2023-03-14,2023,1,Q1,3,Mars,11,14,1,Mardi,False,False,False,2023,6
20230315,2023-03-15,2023,1,Q1,3,Mars,11,15,2,Mercredi,False,False,False,2023,6
20230316,2023-03-16,2023,1,Q1,3,Mars,11,16,3,Jeudi,False,False,False,2023,6
20230317,2023-03-17,2023,1,Q1,3,Mars,11,17,4,Vendredi,False,False,False,2023,6
20230318,2023-03-18,2023,1,Q1,3,Mars,11,18,5,Samedi,True,False,False,2023,6
20230319,2023-03-19,2023,1,Q1,3,Mars,11,19,6,Dimanche,True,False,False,2023,6
20230320,2023-03-20,2023,1,Q1,3,Mars,12,20,0,Lundi,False,False,False,2023,6
20230321,2023-03-21,2023,1,Q1,3,Mars,12,21,1,Mardi,False,False,False,2023,6
20230322,2023-03-22,2023,1,Q1,3,Mars,12,22,2,Mercredi,False,False,False,2023,6
20230323,2023-03-23,2023,1,Q1,3,Mars,12,23,3,Jeudi,False,False,False,2023,6
20230324,2023-03-24,2023,1,Q1,3,Mars,12,24,4,Vendredi,False,False,False,2023,6
20230325,2023-03-25,2023,1,Q1,3,Mars,12,25,5,Samedi,True,False,False,2023,6
20230326,2023-03-26,2023,1,Q1,3,Mars,12,26,6,Dimanche,True,False,False,2023,6
20230327,2023-03-27,2023,1,Q1,3,Mars,13,27,0,Lundi,False,False,False,2023,6
20230328,2023-03-28,2023,1,Q1,3,Mars,13,28,1,Mardi,False,False,False,2023,6
20230329,2023-03-29,2023,1,Q1,3,Mars,13,29,2,Mercredi,False,False,False,2023,6
20230330,2023-03-30,2023,1,Q1,3,Mars,13,30,3,Jeudi,False,False,False,2023,6
20230331,2023-03-31,2023,1,Q1,3,Mars,13,31,4,Vendredi,False,False,True,2023,6
20230401,2023-04-01,2023,2,Q2,4,Avril,13,1,5,Samedi,True,True,False,2023,7
20230402,2023-04-02,2023,2,Q2,4,Avril,13,2,6,Dimanche,True,False,False,2023,7
20230403,2023-04-03,2023,2,Q2,4,Avril,14,3,0,Lundi,False,False,False,2023,7
20230404,2023-04-04,2023,2,Q2,4,Avril,14,4,1,Mardi,False,False,False,2023,7
20230405,2023-04-05,2023,2,Q2,4,Avril,14,5,2,Mercredi,False,False,False,2023,7
20230406,2023-04-06,2023,2,Q2,4,Avril,14,6,3,Jeudi,False,False,False,2023,7
20230407,2023-04-07,2023,2,Q2,4,Avril,14,7,4,Vendredi,False,False,False,2023,7
20230408,2023-04-08,2023,2,Q2,4,Avril,14,8,5,Samedi,True,False,False,2023,7
20230409,2023-04-09,2023,2,Q2,4,Avril,14,9,6,Dimanche,True,False,False,2023,7
20230410,2023-04-10,2023,2,Q2,4,Avril,15,10,0,Lundi,False,False,False,2023,7
20230411,2023-04-11,2023,2,Q2,4,Avril,15,11,1,Mardi,False,False,False,2023,7
20230412,2023-04-12,2023,2,Q2,4,Avril,15,12,2,Mercredi,False,False,False,2023,7
20230413,2023-04-13,2023,2,Q2,4,Avril,15,13,3,Jeudi,False,False,False,2023,7
20230414,2023-04-14,2023,2,Q2,4,Avril,15,14,4,Vendredi,False,False,False,2023,7
20230415,2023-04-15,2023,2,Q2,4,Avril,15,15,5,Samedi,True,False,False,2023,7
20230416,2023-04-16,2023,2,Q2,4,Avril,15,16,6,Dimanche,True,False,False,2023,7
20230417,2023-04-17,2023,2,Q2,4,Avril,16,17,0,Lundi,False,False,False,2023,7
20230418,2023-04-18,2023,2,Q2,4,Avril,16,18,1,Mardi,False,False,False,2023,7
20230419,2023-04-19,2023,2,Q2,4,Avril,16,19,2,Mercredi,False,False,False,2023,7
20230420,2023-04-20,2023,2,Q2,4,Avril,16,20,3,Jeudi,False,False,False,2023,7
20230421,2023-04-21,2023,2,Q2,4,Avril,16,21,4,Vendredi,False,False,False,2023,7
20230422,2023-04-22,2023,2,Q2,4,Avril,16,22,5,Samedi,True,False,False,2023,7
20230423,2023-04-23,2023,2,Q2,4,Avril,16,23,6,Dimanche,True,False,False,2023,7
20230424,2023-04-24,2023,2,Q2,4,Avril,17,24,0,Lundi,False,False,False,2023,7
20230425,2023-04-25,2023,2,Q2,4,Avril,17,25,1,Mardi,False,False,False,2023,7
20230426,2023-04-26,2023,2,Q2,4,Avril,17,26,2,Mercredi,False,False,False,2023,7
20230427,2023-04-27,2023,2,Q2,4,Avril,17,27,3,Jeudi,False,False,False,2023,7
20230428,2023-04-28,2023,2,Q2,4,Avril,17,28,4,Vendredi,False,False,False,2023,7
20230429,2023-04-29,2023,2,Q2,4,Avril,17,29,5,Samedi,True,False,False,2023,7
20230430,2023-04-30,2023,2,Q2,4,Avril,17,30,6,Dimanche,True,False,True,2023,7
20230501,2023-05-01,2023,2,Q2,5,Mai,18,1,0,Lundi,False,True,False,2023,8
20230502,2023-05-02,2023,2,Q2,5,Mai,18,2,1,Mardi,False,False,False,2023,8
20230503,2023-05-03,2023,2,Q2,5,Mai,18,3,2,Mercredi,False,False,False,2023,8
20230504,2023-05-04,2023,2,Q2,5,Mai,18,4,3,Jeudi,False,False,False,2023,8
20230505,2023-05-05,2023,2,Q2,5,Mai,18,5,4,Vendredi,False,False,False,2023,8
20230506,2023-05-06,2023,2,Q2,5,Mai,18,6,5,Samedi,True,False,False,2023,8
20230507,2023-05-07,2023,2,Q2,5,Mai,18,7,6,Dimanche,True,False,False,2023,8
20230508,2023-05-08,2023,2,Q2,5,Mai,19,8,0,Lundi,False,False,False,2023,8
20230509,2023-05-09,2023,2,Q2,5,Mai,19,9,1,Mardi,False,False,False,2023,8
20230510,2023-05-10,2023,2,Q2,5,Mai,19,10,2,Mercredi,False,False,False,2023,8
20230511,2023-05-11,2023,2,Q2,5,Mai,19,11,3,Jeudi,False,False,False,2023,8
20230512,2023-05-12,2023,2,Q2,5,Mai,19,12,4,Vendredi,False,False,False,2023,8
20230513,2023-05-13,2023,2,Q2,5,Mai,19,13,5,Samedi,True,False,False,2023,8
20230514,2023-05-14,2023,2,Q2,5,Mai,19,14,6,Dimanche,True,False,False,2023,8
20230515,2023-05-15,2023,2,Q2,5,Mai,20,15,0,Lundi,False,False,False,2023,8
20230516,2023-05-16,2023,2,Q2,5,Mai,20,16,1,Mardi,False,False,False,2023,8
20230517,2023-05-17,2023,2,Q2,5,Mai,20,17,2,Mercredi,False,False,False,2023,8
20230518,2023-05-18,2023,2,Q2,5,Mai,20,18,3,Jeudi,False,False,False,2023,8
20230519,2023-05-19,2023,2,Q2,5,Mai,20,19,4,Vendredi,False,False,False,2023,8
20230520,2023-05-20,2023,2,Q2,5,Mai,20,20,5,Samedi,True,False,False,2023,8
20230521,2023-05-21,2023,2,Q2,5,Mai,20,21,6,Dimanche,True,False,False,2023,8
20230522,2023-05-22,2023,2,Q2,5,Mai,21,22,0,Lundi,False,False,False,2023,8
20230523,2023-05-23,2023,2,Q2,5,Mai,21,23,1,Mardi,False,False,False,2023,8
20230524,2023-05-24,2023,2,Q2,5,Mai,21,24,2,Mercredi,False,False,False,2023,8
20230525,2023-05-25,2023,2,Q2,5,Mai,21,25,3,Jeudi,False,False,False,2023,8
20230526,2023-05-26,2023,2,Q2,5,Mai,21,26,4,Vendredi,False,False,False,2023,8
20230527,2023-05-27,2023,2,Q2,5,Mai,21,27,5,Samedi,True,False,False,2023,8
20230528,2023-05-28,2023,2,Q2,5,Mai,21,28,6,Dimanche,True,False,False,2023,8
20230529,2023-05-29,2023,2,Q2,5,Mai,22,29,0,Lundi,False,False,False,2023,8
20230530,2023-05-30,2023,2,Q2,5,Mai,22,30,1,Mardi,False,False,False,2023,8
20230531,2023-05-31,2023,2,Q2,5,Mai,22,31,2,Mercredi,False,False,True,2023,8
20230601,2023-06-01,2023,2,Q2,6,Juin,22,1,3,Jeudi,False,True,False,2023,9
20230602,2023-06-02,2023,2,Q2,6,Juin,22,2,4,Vendredi,False,False,False,2023,9
20230603,2023-06-03,2023,2,Q2,6,Juin,22,3,5,Samedi,True,False,False,2023,9
20230604,2023-06-04,2023,2,Q2,6,Juin,22,4,6,Dimanche,True,False,False,2023,9
20230605,2023-06-05,2023,2,Q2,6,Juin,23,5,0,Lundi,False,False,False,2023,9
20230606,2023-06-06,2023,2,Q2,6,Juin,23,6,1,Mardi,False,False,False,2023,9
20230607,2023-06-07,2023,2,Q2,6,Juin,23,7,2,Mercredi,False,False,False,2023,9
20230608,2023-06-08,2023,2,Q2,6,Juin,23,8,3,Jeudi,False,False,False,2023,9
20230609,2023-06-09,2023,2,Q2,6,Juin,23,9,4,Vendredi,False,False,False,2023,9
20230610,2023-06-10,2023,2,Q2,6,Juin,23,10,5,Samedi,True,False,False,2023,9
20230611,2023-06-11,2023,2,Q2,6,Juin,23,11,6,Dimanche,True,False,False,2023,9
20230612,2023-06-12,2023,2,Q2,6,Juin,24,12,0,Lundi,False,False,False,2023,9
20230613,2023-06-13,2023,2,Q2,6,Juin,24,13,1,Mardi,False,False,False,2023,9
20230614,2023-06-14,2023,2,Q2,6,Juin,24,14,2,Mercredi,False,False,False,2023,9
20230615,2023-06-15,2023,2,Q2,6,Juin,24,15,3,Jeudi,False,False,False,2023,9
20230616,2023-06-16,2023,2,Q2,6,Juin,24,16,4,Vendredi,False,False,False,2023,9
20230617,2023-06-17,2023,2,Q2,6,Juin,24,17,5,Samedi,True,False,False,2023,9
20230618,2023-06-18,2023,2,Q2,6,Juin,24,18,6,Dimanche,True,False,False,2023,9
20230619,2023-06-19,2023,2,Q2,6,Juin,25,19,0,Lundi,False,False,False,2023,9
20230620,2023-06-20,2023,2,Q2,6,Juin,25,20,1,Mardi,False,False,False,2023,9
20230621,2023-06-21,2023,2,Q2,6,Juin,25,21,2,Mercredi,False,False,False,2023,9
20230622,2023-06-22,2023,2,Q2,6,Juin,25,22,3,Jeudi,False,False,False,2023,9
20230623,2023-06-23,2023,2,Q2,6,Juin,25,23,4,Vendredi,False,False,False,2023,9
20230624,2023-06-24,2023,2,Q2,6,Juin,25,24,5,Samedi,True,False,False,2023,9
20230625,2023-06-25,2023,2,Q2,6,Juin,25,25,6,Dimanche,True,False,False,2023,9
20230626,2023-06-26,2023,2,Q2,6,Juin,26,26,0,Lundi,False,False,False,2023,9
20230627,2023-06-27,2023,2,Q2,6,Juin,26,27,1,Mardi,False,False,False,2023,9
20230628,2023-06-28,2023,2,Q2,6,Juin,26,28,2,Mercredi,False,False,False,2023,9
20230629,2023-06-29,2023,2,Q2,6,Juin,26,29,3,Jeudi,False,False,False,2023,9
20230630,2023-06-30,2023,2,Q2,6,Juin,26,30,4,Vendredi,False,False,True,2023,9
20230701,2023-07-01,2023,3,Q3,7,Juillet,26,1,5,Samedi,True,True,False,2023,10
20230702,2023-07-02,2023,3,Q3,7,Juillet,26,2,6,Dimanche,True,False,False,2023,10
20230703,2023-07-03,2023,3,Q3,7,Juillet,27,3,0,Lundi,False,False,False,2023,10
20230704,2023-07-04,2023,3,Q3,7,Juillet,27,4,1,Mardi,False,False,False,2023,10
20230705,2023-07-05,2023,3,Q3,7,Juillet,27,5,2,Mercredi,False,False,False,2023,10
20230706,2023-07-06,2023,3,Q3,7,Juillet,27,6,3,Jeudi,False,False,False,2023,10
20230707,2023-07-07,2023,3,Q3,7,Juillet,27,7,4,Vendredi,False,False,False,2023,10
20230708,2023-07-08,2023,3,Q3,7,Juillet,27,8,5,Samedi,True,False,False,2023,10
20230709,2023-07-09,2023,3,Q3,7,Juillet,27,9,6,Dimanche,True,False,False,2023,10
20230710,2023-07-10,2023,3,Q3,7,Juillet,28,10,0,Lundi,False,False,False,2023,10
20230711,2023-07-11,2023,3,Q3,7,Juillet,28,11,1,Mardi,False,False,False,2023,10
20230712,2023-07-12,2023,3,Q3,7,Juillet,28,12,2,Mercredi,False,False,False,2023,10
20230713,2023-07-13,2023,3,Q3,7,Juillet,28,13,3,Jeudi,False,False,False,2023,10
20230714,2023-07-14,2023,3,Q3,7,Juillet,28,14,4,Vendredi,False,False,False,2023,10
20230715,2023-07-15,2023,3,Q3,7,Juillet,28,15,5,Samedi,True,False,False,2023,10
20230716,2023-07-16,2023,3,Q3,7,Juillet,28,16,6,Dimanche,True,False,False,2023,10
20230717,2023-07-17,2023,3,Q3,7,Juillet,29,17,0,Lundi,False,False,False,2023,10
20230718,2023-07-18,2023,3,Q3,7,Juillet,29,18,1,Mardi,False,False,False,2023,10
20230719,2023-07-19,2023,3,Q3,7,Juillet,29,19,2,Mercredi,False,False,False,2023,10
20230720,2023-07-20,2023,3,Q3,7,Juillet,29,20,3,Jeudi,False,False,False,2023,10
20230721,2023-07-21,2023,3,Q3,7,Juillet,29,21,4,Vendredi,False,False,False,2023,10
20230722,2023-07-22,2023,3,Q3,7,Juillet,29,22,5,Samedi,True,False,False,2023,10
20230723,2023-07-23,2023,3,Q3,7,Juillet,29,23,6,Dimanche,True,False,False,2023,10
20230724,2023-07-24,2023,3,Q3,7,Juillet,30,24,0,Lundi,False,False,False,2023,10
20230725,2023-07-25,2023,3,Q3,7,Juillet,30,25,1,Mardi,False,False,False,2023,10
20230726,2023-07-26,2023,3,Q3,7,Juillet,30,26,2,Mercredi,False,False,False,2023,10
20230727,2023-07-27,2023,3,Q3,7,Juillet,30,27,3,Jeudi,False,False,False,2023,10
20230728,2023-07-28,2023,3,Q3,7,Juillet,30,28,4,Vendredi,False,False,False,2023,10
20230729,2023-07-29,2023,3,Q3,7,Juillet,30,29,5,Samedi,True,False,False,2023,10
20230730,2023-07-30,2023,3,Q3,7,Juillet,30,30,6,Dimanche,True,False,False,2023,10
20230731,2023-07-31,2023,3,Q3,7,Juillet,31,31,0,Lundi,False,False,True,2023,10
20230801,2023-08-01,2023,3,Q3,8,Août,31,1,1,Mardi,False,True,False,2023,11
20230802,2023-08-02,2023,3,Q3,8,Août,31,2,2,Mercredi,False,False,False,2023,11
20230803,2023-08-03,2023,3,Q3,8,Août,31,3,3,Jeudi,False,False,False,2023,11
20230804,2023-08-04,2023,3,Q3,8,Août,31,4,4,Vendredi,False,False,False,2023,11
20230805,2023-08-05,2023,3,Q3,8,Août,31,5,5,Samedi,True,False,False,2023,11
20230806,2023-08-06,2023,3,Q3,8,Août,31,6,6,Dimanche,True,False,False,2023,11
20230807,2023-08-07,2023,3,Q3,8,Août,32,7,0,Lundi,False,False,False,2023,11
20230808,2023-08-08,2023,3,Q3,8,Août,32,8,1,Mardi,False,False,False,2023,11
20230809,2023-08-09,2023,3,Q3,8,Août,32,9,2,Mercredi,False,False,False,2023,11
20230810,2023-08-10,2023,3,Q3,8,Août,32,10,3,Jeudi,False,False,False,2023,11
20230811,2023-08-11,2023,3,Q3,8,Août,32,11,4,Vendredi,False,False,False,2023,11
20230812,2023-08-12,2023,3,Q3,8,Août,32,12,5,Samedi,True,False,False,2023,11
20230813,2023-08-13,2023,3,Q3,8,Août,32,13,6,Dimanche,True,False,False,2023,11
20230814,2023-08-14,2023,3,Q3,8,Août,33,14,0,Lundi,False,False,False,2023,11
20230815,2023-08-15,2023,3,Q3,8,Août,33,15,1,Mardi,False,False,False,2023,11
20230816,2023-08-16,2023,3,Q3,8,Août,33,16,2,Mercredi,False,False,False,2023,11
20230817,2023-08-17,2023,3,Q3,8,Août,33,17,3,Jeudi,False,False,False,2023,11
20230818,2023-08-18,2023,3,Q3,8,Août,33,18,4,Vendredi,False,False,False,2023,11
20230819,2023-08-19,2023,3,Q3,8,Août,33,19,5,Samedi,True,False,False,2023,11
20230820,2023-08-20,2023,3,Q3,8,Août,33,20,6,Dimanche,True,False,False,2023,11
20230821,2023-08-21,2023,3,Q3,8,Août,34,21,0,Lundi,False,False,False,2023,11
20230822,2023-08-22,2023,3,Q3,8,Août,34,22,1,Mardi,False,False,False,2023,11
20230823,2023-08-23,2023,3,Q3,8,Août,34,23,2,Mercredi,False,False,False,2023,11
20230824,2023-08-24,2023,3,Q3,8,Août,34,24,3,Jeudi,False,False,False,2023,11
20230825,2023-08-25,2023,3,Q3,8,Août,34,25,4,Vendredi,False,False,False,2023,11
20230826,2023-08-26,2023,3,Q3,8,Août,34,26,5,Samedi,True,False,False,2023,11
20230827,2023-08-27,2023,3,Q3,8,Août,34,27,6,Dimanche,True,False,False,2023,11
20230828,2023-08-28,2023,3,Q3,8,Août,35,28,0,Lundi,False,False,False,2023,11
20230829,2023-08-29,2023,3,Q3,8,Août,35,29,1,Mardi,False,False,False,2023,11
20230830,2023-08-30,2023,3,Q3,8,Août,35,30,2,Mercredi,False,False,False,2023,11
20230831,2023-08-31,2023,3,Q3,8,Août,35,31,3,Jeudi,False,False,True,2023,11
20230901,2023-09-01,2023,3,Q3,9,Septembre,35,1,4,Vendredi,False,True,False,2023,12
20230902,2023-09-02,2023,3,Q3,9,Septembre,35,2,5,Samedi,True,False,False,2023,12
20230903,2023-09-03,2023,3,Q3,9,Septembre,35,3,6,Dimanche,True,False,False,2023,12
20230904,2023-09-04,2023,3,Q3,9,Septembre,36,4,0,Lundi,False,False,False,2023,12
20230905,2023-09-05,2023,3,Q3,9,Septembre,36,5,1,Mardi,False,False,False,2023,12
20230906,2023-09-06,2023,3,Q3,9,Septembre,36,6,2,Mercredi,False,False,False,2023,12
20230907,2023-09-07,2023,3,Q3,9,Septembre,36,7,3,Jeudi,False,False,False,2023,12
20230908,2023-09-08,2023,3,Q3,9,Septembre,36,8,4,Vendredi,False,False,False,2023,12
20230909,2023-09-09,2023,3,Q3,9,Septembre,36,9,5,Samedi,True,False,False,2023,12
20230910,2023-09-10,2023,3,Q3,9,Septembre,36,10,6,Dimanche,True,False,False,2023,12
20230911,2023-09-11,2023,3,Q3,9,Septembre,37,11,0,Lundi,False,False,False,2023,12
20230912,2023-09-12,2023,3,Q3,9,Septembre,37,12,1,Mardi,False,False,False,2023,12
20230913,2023-09-13,2023,3,Q3,9,Septembre,37,13,2,Mercredi,False,False,False,2023,12
20230914,2023-09-14,2023,3,Q3,9,Septembre,37,14,3,Jeudi,False,False,False,2023,12
20230915,2023-09-15,2023,3,Q3,9,Septembre,37,15,4,Vendredi,False,False,False,2023,12
20230916,2023-09-16,2023,3,Q3,9,Septembre,37,16,5,Samedi,True,False,False,2023,12
20230917,2023-09-17,2023,3,Q3,9,Septembre,37,17,6,Dimanche,True,False,False,2023,12
20230918,2023-09-18,2023,3,Q3,9,Septembre,38,18,0,Lundi,False,False,False,2023,12
20230919,2023-09-19,2023,3,Q3,9,Septembre,38,19,1,Mardi,False,False,False,2023,12
20230920,2023-09-20,2023,3,Q3,9,Septembre,38,20,2,Mercredi,False,False,False,2023,12
20230921,2023-09-21,2023,3,Q3,9,Septembre,38,21,3,Jeudi,False,False,False,2023,12
20230922,2023-09-22,2023,3,Q3,9,Septembre,38,22,4,Vendredi,False,False,False,2023,12
20230923,2023-09-23,2023,3,Q3,9,Septembre,38,23,5,Samedi,True,False,False,2023,12
20230924,2023-09-24,2023,3,Q3,9,Septembre,38,24,6,Dimanche,True,False,False,2023,12
20230925,2023-09-25,2023,3,Q3,9,Septembre,39,25,0,Lundi,False,False,False,2023,12
20230926,2023-09-26,2023,3,Q3,9,Septembre,39,26,1,Mardi,False,False,False,2023,12
20230927,2023-09-27,2023,3,Q3,9,Septembre,39,27,2,Mercredi,False,False,False,2023,12
20230928,2023-09-28,2023,3,Q3,9,Septembre,39,28,3,Jeudi,False,False,False,2023,12
20230929,2023-09-29,2023,3,Q3,9,Septembre,39,29,4,Vendredi,False,False,False,2023,12
20230930,2023-09-30,2023,3,Q3,9,Septembre,39,30,5,Samedi,True,False,True,2023,12
20231001,2023-10-01,2023,4,Q4,10,Octobre,39,1,6,Dimanche,True,True,False,2024,1
20231002,2023-10-02,2023,4,Q4,10,Octobre,40,2,0,Lundi,False,False,False,2024,1
20231003,2023-10-03,2023,4,Q4,10,Octobre,40,3,1,Mardi,False,False,False,2024,1
20231004,2023-10-04,2023,4,Q4,10,Octobre,40,4,2,Mercredi,False,False,False,2024,1
20231005,2023-10-05,2023,4,Q4,10,Octobre,40,5,3,Jeudi,False,False,False,2024,1
20231006,2023-10-06,2023,4,Q4,10,Octobre,40,6,4,Vendredi,False,False,False,2024,1
20231007,2023-10-07,2023,4,Q4,10,Octobre,40,7,5,Samedi,True,False,False,2024,1
20231008,2023-10-08,2023,4,Q4,10,Octobre,40,8,6,Dimanche,True,False,False,2024,1
20231009,2023-10-09,2023,4,Q4,10,Octobre,41,9,0,Lundi,False,False,False,2024,1
20231010,2023-10-10,2023,4,Q4,10,Octobre,41,10,1,Mardi,False,False,False,2024,1
20231011,2023-10-11,2023,4,Q4,10,Octobre,41,11,2,Mercredi,False,False,False,2024,1
20231012,2023-10-12,2023,4,Q4,10,Octobre,41,12,3,Jeudi,False,False,False,2024,1
20231013,2023-10-13,2023,4,Q4,10,Octobre,41,13,4,Vendredi,False,False,False,2024,1
20231014,2023-10-14,2023,4,Q4,10,Octobre,41,14,5,Samedi,True,False,False,2024,1
20231015,2023-10-15,2023,4,Q4,10,Octobre,41,15,6,Dimanche,True,False,False,2024,1
20231016,2023-10-16,2023,4,Q4,10,Octobre,42,16,0,Lundi,False,False,False,2024,1
20231017,2023-10-17,2023,4,Q4,10,Octobre,42,17,1,Mardi,False,False,False,2024,1
20231018,2023-10-18,2023,4,Q4,10,Octobre,42,18,2,Mercredi,False,False,False,2024,1
20231019,2023-10-19,2023,4,Q4,10,Octobre,42,19,3,Jeudi,False,False,False,2024,1
20231020,2023-10-20,2023,4,Q4,10,Octobre,42,20,4,Vendredi,False,False,False,2024,1
20231021,2023-10-21,2023,4,Q4,10,Octobre,42,21,5,Samedi,True,False,False,2024,1
20231022,2023-10-22,2023,4,Q4,10,Octobre,42,22,6,Dimanche,True,False,False,2024,1
20231023,2023-10-23,2023,4,Q4,10,Octobre,43,23,0,Lundi,False,False,False,2024,1
20231024,2023-10-24,2023,4,Q4,10,Octobre,43,24,1,Mardi,False,False,False,2024,1
20231025,2023-10-25,2023,4,Q4,10,Octobre,43,25,2,Mercredi,False,False,False,2024,1
20231026,2023-10-26,2023,4,Q4,10,Octobre,43,26,3,Jeudi,False,False,False,2024,1
20231027,2023-10-27,2023,4,Q4,10,Octobre,43,27,4,Vendredi,False,False,False,2024,1
20231028,2023-10-28,2023,4,Q4,10,Octobre,43,28,5,Samedi,True,False,False,2024,1
20231029,2023-10-29,2023,4,Q4,10,Octobre,43,29,6,Dimanche,True,False,False,2024,1
20231030,2023-10-30,2023,4,Q4,10,Octobre,44,30,0,Lundi,False,False,False,2024,1
20231031,2023-10-31,2023,4,Q4,10,Octobre,44,31,1,Mardi,False,False,True,2024,1
20231101,2023-11-01,2023,4,Q4,11,Novembre,44,1,2,Mercredi,False,True,False,2024,2
20231102,2023-11-02,2023,4,Q4,11,Novembre,44,2,3,Jeudi,False,False,False,2024,2
20231103,2023-11-03,2023,4,Q4,11,Novembre,44,3,4,Vendredi,False,False,False,2024,2
20231104,2023-11-04,2023,4,Q4,11,Novembre,44,4,5,Samedi,True,False,False,2024,2
20231105,2023-11-05,2023,4,Q4,11,Novembre,44,5,6,Dimanche,True,False,False,2024,2
20231106,2023-11-06,2023,4,Q4,11,Novembre,45,6,0,Lundi,False,False,False,2024,2
20231107,2023-11-07,2023,4,Q4,11,Novembre,45,7,1,Mardi,False,False,False,2024,2
20231108,2023-11-08,2023,4,Q4,11,Novembre,45,8,2,Mercredi,False,False,False,2024,2
20231109,2023-11-09,2023,4,Q4,11,Novembre,45,9,3,Jeudi,False,False,False,2024,2
20231110,2023-11-10,2023,4,Q4,11,Novembre,45,10,4,Vendredi,False,False,False,2024,2
20231111,2023-11-11,2023,4,Q4,11,Novembre,45,11,5,Samedi,True,False,False,2024,2
20231112,2023-11-12,2023,4,Q4,11,Novembre,45,12,6,Dimanche,True,False,False,2024,2
20231113,2023-11-13,2023,4,Q4,11,Novembre,46,13,0,Lundi,False,False,False,2024,2
20231114,2023-11-14,2023,4,Q4,11,Novembre,46,14,1,Mardi,False,False,False,2024,2
20231115,2023-11-15,2023,4,Q4,11,Novembre,46,15,2,Mercredi,False,False,False,2024,2
20231116,2023-11-16,2023,4,Q4,11,Novembre,46,16,3,Jeudi,False,False,False,2024,2
20231117,2023-11-17,2023,4,Q4,11,Novembre,46,17,4,Vendredi,False,False,False,2024,2
20231118,2023-11-18,2023,4,Q4,11,Novembre,46,18,5,Samedi,True,False,False,2024,2
20231119,2023-11-19,2023,4,Q4,11,Novembre,46,19,6,Dimanche,True,False,False,2024,2
20231120,2023-11-20,2023,4,Q4,11,Novembre,47,20,0,Lundi,False,False,False,2024,2
20231121,2023-11-21,2023,4,Q4,11,Novembre,47,21,1,Mardi,False,False,False,2024,2
20231122,2023-11-22,2023,4,Q4,11,Novembre,47,22,2,Mercredi,False,False,False,2024,2
20231123,2023-11-23,2023,4,Q4,11,Novembre,47,23,3,Jeudi,False,False,False,2024,2
20231124,2023-11-24,2023,4,Q4,11,Novembre,47,24,4,Vendredi,False,False,False,2024,2
20231125,2023-11-25,2023,4,Q4,11,Novembre,47,25,5,Samedi,True,False,False,2024,2
20231126,2023-11-26,2023,4,Q4,11,Novembre,47,26,6,Dimanche,True,False,False,2024,2
20231127,2023-11-27,2023,4,Q4,11,Novembre,48,27,0,Lundi,False,False,False,2024,2
20231128,2023-11-28,2023,4,Q4,11,Novembre,48,28,1,Mardi,False,False,False,2024,2
20231129,2023-11-29,2023,4,Q4,11,Novembre,48,29,2,Mercredi,False,False,False,2024,2
20231130,2023-11-30,2023,4,Q4,11,Novembre,48,30,3,Jeudi,False,False,True,2024,2
20231201,2023-12-01,2023,4,Q4,12,Décembre,48,1,4,Vendredi,False,True,False,2024,3
20231202,2023-12-02,2023,4,Q4,12,Décembre,48,2,5,Samedi,True,False,False,2024,3
20231203,2023-12-03,2023,4,Q4,12,Décembre,48,3,6,Dimanche,True,False,False,2024,3
20231204,2023-12-04,2023,4,Q4,12,Décembre,49,4,0,Lundi,False,False,False,2024,3
20231205,2023-12-05,2023,4,Q4,12,Décembre,49,5,1,Mardi,False,False,False,2024,3
20231206,2023-12-06,2023,4,Q4,12,Décembre,49,6,2,Mercredi,False,False,False,2024,3
20231207,2023-12-07,2023,4,Q4,12,Décembre,49,7,3,Jeudi,False,False,False,2024,3
20231208,2023-12-08,2023,4,Q4,12,Décembre,49,8,4,Vendredi,False,False,False,2024,3
20231209,2023-12-09,2023,4,Q4,12,Décembre,49,9,5,Samedi,True,False,False,2024,3
20231210,2023-12-10,2023,4,Q4,12,Décembre,49,10,6,Dimanche,True,False,False,2024,3
20231211,2023-12-11,2023,4,Q4,12,Décembre,50,11,0,Lundi,False,False,False,2024,3
20231212,2023-12-12,2023,4,Q4,12,Décembre,50,12,1,Mardi,False,False,False,2024,3
20231213,2023-12-13,2023,4,Q4,12,Décembre,50,13,2,Mercredi,False,False,False,2024,3
20231214,2023-12-14,2023,4,Q4,12,Décembre,50,14,3,Jeudi,False,False,False,2024,3
20231215,2023-12-15,2023,4,Q4,12,Décembre,50,15,4,Vendredi,False,False,False,2024,3
20231216,2023-12-16,2023,4,Q4,12,Décembre,50,16,5,Samedi,True,False,False,2024,3
20231217,2023-12-17,2023,4,Q4,12,Décembre,50,17,6,Dimanche,True,False,False,2024,3
20231218,2023-12-18,2023,4,Q4,12,Décembre,51,18,0,Lundi,False,False,False,2024,3
20231219,2023-12-19,2023,4,Q4,12,Décembre,51,19,1,Mardi,False,False,False,2024,3
20231220,2023-12-20,2023,4,Q4,12,Décembre,51,20,2,Mercredi,False,False,False,2024,3
20231221,2023-12-21,2023,4,Q4,12,Décembre,51,21,3,Jeudi,False,False,False,2024,3
20231222,2023-12-22,2023,4,Q4,12,Décembre,51,22,4,Vendredi,False,False,False,2024,3
20231223,2023-12-23,2023,4,Q4,12,Décembre,51,23,5,Samedi,True,False,False,2024,3
20231224,2023-12-24,2023,4,Q4,12,Décembre,51,24,6,Dimanche,True,False,False,2024,3
20231225,2023-12-25,2023,4,Q4,12,Décembre,52,25,0,Lundi,False,False,False,2024,3
20231226,2023-12-26,2023,4,Q4,12,Décembre,52,26,1,Mardi,False,False,False,2024,3
20231227,2023-12-27,2023,4,Q4,12,Décembre,52,27,2,Mercredi,False,False,False,2024,3
20231228,2023-12-28,2023,4,Q4,12,Décembre,52,28,3,Jeudi,False,False,False,2024,3
20231229,2023-12-29,2023,4,Q4,12,Décembre,52,29,4,Vendredi,False,False,False,2024,3
20231230,2023-12-30,2023,4,Q4,12,Décembre,52,30,5,Samedi,True,False,False,2024,3
20231231,2023-12-31,2023,4,Q4,12,Décembre,52,31,6,Dimanche,True,False,True,2024,3
20240101,2024-01-01,2024,1,Q1,1,Janvier,1,1,0,Lundi,False,True,False,2024,4
20240102,2024-01-02,2024,1,Q1,1,Janvier,1,2,1,Mardi,False,False,False,2024,4
20240103,2024-01-03,2024,1,Q1,1,Janvier,1,3,2,Mercredi,False,False,False,2024,4
20240104,2024-01-04,2024,1,Q1,1,Janvier,1,4,3,Jeudi,False,False,False,2024,4
20240105,2024-01-05,2024,1,Q1,1,Janvier,1,5,4,Vendredi,False,False,False,2024,4
20240106,2024-01-06,2024,1,Q1,1,Janvier,1,6,5,Samedi,True,False,False,2024,4
20240107,2024-01-07,2024,1,Q1,1,Janvier,1,7,6,Dimanche,True,False,False,2024,4
20240108,2024-01-08,2024,1,Q1,1,Janvier,2,8,0,Lundi,False,False,False,2024,4
20240109,2024-01-09,2024,1,Q1,1,Janvier,2,9,1,Mardi,False,False,False,2024,4
20240110,2024-01-10,2024,1,Q1,1,Janvier,2,10,2,Mercredi,False,False,False,2024,4
20240111,2024-01-11,2024,1,Q1,1,Janvier,2,11,3,Jeudi,False,False,False,2024,4
20240112,2024-01-12,2024,1,Q1,1,Janvier,2,12,4,Vendredi,False,False,False,2024,4
20240113,2024-01-13,2024,1,Q1,1,Janvier,2,13,5,Samedi,True,False,False,2024,4
20240114,2024-01-14,2024,1,Q1,1,Janvier,2,14,6,Dimanche,True,False,False,2024,4
20240115,2024-01-15,2024,1,Q1,1,Janvier,3,15,0,Lundi,False,False,False,2024,4
20240116,2024-01-16,2024,1,Q1,1,Janvier,3,16,1,Mardi,False,False,False,2024,4
20240117,2024-01-17,2024,1,Q1,1,Janvier,3,17,2,Mercredi,False,False,False,2024,4
20240118,2024-01-18,2024,1,Q1,1,Janvier,3,18,3,Jeudi,False,False,False,2024,4
20240119,2024-01-19,2024,1,Q1,1,Janvier,3,19,4,Vendredi,False,False,False,2024,4
20240120,2024-01-20,2024,1,Q1,1,Janvier,3,20,5,Samedi,True,False,False,2024,4
20240121,2024-01-21,2024,1,Q1,1,Janvier,3,21,6,Dimanche,True,False,False,2024,4
20240122,2024-01-22,2024,1,Q1,1,Janvier,4,22,0,Lundi,False,False,False,2024,4
20240123,2024-01-23,2024,1,Q1,1,Janvier,4,23,1,Mardi,False,False,False,2024,4
20240124,2024-01-24,2024,1,Q1,1,Janvier,4,24,2,Mercredi,False,False,False,2024,4
20240125,2024-01-25,2024,1,Q1,1,Janvier,4,25,3,Jeudi,False,False,False,2024,4
20240126,2024-01-26,2024,1,Q1,1,Janvier,4,26,4,Vendredi,False,False,False,2024,4
20240127,2024-01-27,2024,1,Q1,1,Janvier,4,27,5,Samedi,True,False,False,2024,4
20240128,2024-01-28,2024,1,Q1,1,Janvier,4,28,6,Dimanche,True,False,False,2024,4
20240129,2024-01-29,2024,1,Q1,1,Janvier,5,29,0,Lundi,False,False,False,2024,4
20240130,2024-01-30,2024,1,Q1,1,Janvier,5,30,1,Mardi,False,False,False,2024,4
20240131,2024-01-31,2024,1,Q1,1,Janvier,5,31,2,Mercredi,False,False,True,2024,4
20240201,2024-02-01,2024,1,Q1,2,Février,5,1,3,Jeudi,False,True,False,2024,5
20240202,2024-02-02,2024,1,Q1,2,Février,5,2,4,Vendredi,False,False,False,2024,5
20240203,2024-02-03,2024,1,Q1,2,Février,5,3,5,Samedi,True,False,False,2024,5
20240204,2024-02-04,2024,1,Q1,2,Février,5,4,6,Dimanche,True,False,False,2024,5
20240205,2024-02-05,2024,1,Q1,2,Février,6,5,0,Lundi,False,False,False,2024,5
20240206,2024-02-06,2024,1,Q1,2,Février,6,6,1,Mardi,False,False,False,2024,5
20240207,2024-02-07,2024,1,Q1,2,Février,6,7,2,Mercredi,False,False,False,2024,5
20240208,2024-02-08,2024,1,Q1,2,Février,6,8,3,Jeudi,False,False,False,2024,5
20240209,2024-02-09,2024,1,Q1,2,Février,6,9,4,Vendredi,False,False,False,2024,5
20240210,2024-02-10,2024,1,Q1,2,Février,6,10,5,Samedi,True,False,False,2024,5
20240211,2024-02-11,2024,1,Q1,2,Février,6,11,6,Dimanche,True,False,False,2024,5
20240212,2024-02-12,2024,1,Q1,2,Février,7,12,0,Lundi,False,False,False,2024,5
20240213,2024-02-13,2024,1,Q1,2,Février,7,13,1,Mardi,False,False,False,2024,5
20240214,2024-02-14,2024,1,Q1,2,Février,7,14,2,Mercredi,False,False,False,2024,5
20240215,2024-02-15,2024,1,Q1,2,Février,7,15,3,Jeudi,False,False,False,2024,5
20240216,2024-02-16,2024,1,Q1,2,Février,7,16,4,Vendredi,False,False,False,2024,5
20240217,2024-02-17,2024,1,Q1,2,Février,7,17,5,Samedi,True,False,False,2024,5
20240218,2024-02-18,2024,1,Q1,2,Février,7,18,6,Dimanche,True,False,False,2024,5
20240219,2024-02-19,2024,1,Q1,2,Février,8,19,0,Lundi,False,False,False,2024,5
20240220,2024-02-20,2024,1,Q1,2,Février,8,20,1,Mardi,False,False,False,2024,5
20240221,2024-02-21,2024,1,Q1,2,Février,8,21,2,Mercredi,False,False,False,2024,5
20240222,2024-02-22,2024,1,Q1,2,Février,8,22,3,Jeudi,False,False,False,2024,5
20240223,2024-02-23,2024,1,Q1,2,Février,8,23,4,Vendredi,False,False,False,2024,5
20240224,2024-02-24,2024,1,Q1,2,Février,8,24,5,Samedi,True,False,False,2024,5
20240225,2024-02-25,2024,1,Q1,2,Février,8,25,6,Dimanche,True,False,False,2024,5
20240226,2024-02-26,2024,1,Q1,2,Février,9,26,0,Lundi,False,False,False,2024,5
20240227,2024-02-27,2024,1,Q1,2,Février,9,27,1,Mardi,False,False,False,2024,5
20240228,2024-02-28,2024,1,Q1,2,Février,9,28,2,Mercredi,False,False,False,2024,5
20240229,2024-02-29,2024,1,Q1,2,Février,9,29,3,Jeudi,False,False,True,2024,5
20240301,2024-03-01,2024,1,Q1,3,Mars,9,1,4,Vendredi,False,True,False,2024,6
20240302,2024-03-02,2024,1,Q1,3,Mars,9,2,5,Samedi,True,False,False,2024,6
20240303,2024-03-03,2024,1,Q1,3,Mars,9,3,6,Dimanche,True,False,False,2024,6
20240304,2024-03-04,2024,1,Q1,3,Mars,10,4,0,Lundi,False,False,False,2024,6
20240305,2024-03-05,2024,1,Q1,3,Mars,10,5,1,Mardi,False,False,False,2024,6
20240306,2024-03-06,2024,1,Q1,3,Mars,10,6,2,Mercredi,False,False,False,2024,6
20240307,2024-03-07,2024,1,Q1,3,Mars,10,7,3,Jeudi,False,False,False,2024,6
20240308,2024-03-08,2024,1,Q1,3,Mars,10,8,4,Vendredi,False,False,False,2024,6
20240309,2024-03-09,2024,1,Q1,3,Mars,10,9,5,Samedi,True,False,False,2024,6
20240310,2024-03-10,2024,1,Q1,3,Mars,10,10,6,Dimanche,True,False,False,2024,6
20240311,2024-03-11,2024,1,Q1,3,Mars,11,11,0,Lundi,False,False,False,2024,6
20240312,2024-03-12,2024,1,Q1,3,Mars,11,12,1,Mardi,False,False,False,2024,6
20240313,2024-03-13,2024,1,Q1,3,Mars,11,13,2,Mercredi,False,False,False,2024,6
20240314,2024-03-14,2024,1,Q1,3,Mars,11,14,3,Jeudi,False,False,False,2024,6
20240315,2024-03-15,2024,1,Q1,3,Mars,11,15,4,Vendredi,False,False,False,2024,6
20240316,2024-03-16,2024,1,Q1,3,Mars,11,16,5,Samedi,True,False,False,2024,6
20240317,2024-03-17,2024,1,Q1,3,Mars,11,17,6,Dimanche,True,False,False,2024,6
20240318,2024-03-18,2024,1,Q1,3,Mars,12,18,0,Lundi,False,False,False,2024,6
20240319,2024-03-19,2024,1,Q1,3,Mars,12,19,1,Mardi,False,False,False,2024,6
20240320,2024-03-20,2024,1,Q1,3,Mars,12,20,2,Mercredi,False,False,False,2024,6
20240321,2024-03-21,2024,1,Q1,3,Mars,12,21,3,Jeudi,False,False,False,2024,6
20240322,2024-03-22,2024,1,Q1,3,Mars,12,22,4,Vendredi,False,False,False,2024,6
20240323,2024-03-23,2024,1,Q1,3,Mars,12,23,5,Samedi,True,False,False,2024,6
20240324,2024-03-24,2024,1,Q1,3,Mars,12,24,6,Dimanche,True,False,False,2024,6
20240325,2024-03-25,2024,1,Q1,3,Mars,13,25,0,Lundi,False,False,False,2024,6
20240326,2024-03-26,2024,1,Q1,3,Mars,13,26,1,Mardi,False,False,False,2024,6
20240327,2024-03-27,2024,1,Q1,3,Mars,13,27,2,Mercredi,False,False,False,2024,6
20240328,2024-03-28,2024,1,Q1,3,Mars,13,28,3,Jeudi,False,False,False,2024,6
20240329,2024-03-29,2024,1,Q1,3,Mars,13,29,4,Vendredi,False,False,False,2024,6
20240330,2024-03-30,2024,1,Q1,3,Mars,13,30,5,Samedi,True,False,False,2024,6
20240331,2024-03-31,2024,1,Q1,3,Mars,13,31,6,Dimanche,True,False,True,2024,6
20240401,2024-04-01,2024,2,Q2,4,Avril,14,1,0,Lundi,False,True,False,2024,7
20240402,2024-04-02,2024,2,Q2,4,Avril,14,2,1,Mardi,False,False,False,2024,7
20240403,2024-04-03,2024,2,Q2,4,Avril,14,3,2,Mercredi,False,False,False,2024,7
20240404,2024-04-04,2024,2,Q2,4,Avril,14,4,3,Jeudi,False,False,False,2024,7
20240405,2024-04-05,2024,2,Q2,4,Avril,14,5,4,Vendredi,False,False,False,2024,7
20240406,2024-04-06,2024,2,Q2,4,Avril,14,6,5,Samedi,True,False,False,2024,7
20240407,2024-04-07,2024,2,Q2,4,Avril,14,7,6,Dimanche,True,False,False,2024,7
20240408,2024-04-08,2024,2,Q2,4,Avril,15,8,0,Lundi,False,False,False,2024,7
20240409,2024-04-09,2024,2,Q2,4,Avril,15,9,1,Mardi,False,False,False,2024,7
20240410,2024-04-10,2024,2,Q2,4,Avril,15,10,2,Mercredi,False,False,False,2024,7
20240411,2024-04-11,2024,2,Q2,4,Avril,15,11,3,Jeudi,False,False,False,2024,7
20240412,2024-04-12,2024,2,Q2,4,Avril,15,12,4,Vendredi,False,False,False,2024,7
20240413,2024-04-13,2024,2,Q2,4,Avril,15,13,5,Samedi,True,False,False,2024,7
20240414,2024-04-14,2024,2,Q2,4,Avril,15,14,6,Dimanche,True,False,False,2024,7
20240415,2024-04-15,2024,2,Q2,4,Avril,16,15,0,Lundi,False,False,False,2024,7
20240416,2024-04-16,2024,2,Q2,4,Avril,16,16,1,Mardi,False,False,False,2024,7
20240417,2024-04-17,2024,2,Q2,4,Avril,16,17,2,Mercredi,False,False,False,2024,7
20240418,2024-04-18,2024,2,Q2,4,Avril,16,18,3,Jeudi,False,False,False,2024,7
20240419,2024-04-19,2024,2,Q2,4,Avril,16,19,4,Vendredi,False,False,False,2024,7
20240420,2024-04-20,2024,2,Q2,4,Avril,16,20,5,Samedi,True,False,False,2024,7
20240421,2024-04-21,2024,2,Q2,4,Avril,16,21,6,Dimanche,True,False,False,2024,7
20240422,2024-04-22,2024,2,Q2,4,Avril,17,22,0,Lundi,False,False,False,2024,7
20240423,2024-04-23,2024,2,Q2,4,Avril,17,23,1,Mardi,False,False,False,2024,7
20240424,2024-04-24,2024,2,Q2,4,Avril,17,24,2,Mercredi,False,False,False,2024,7
20240425,2024-04-25,2024,2,Q2,4,Avril,17,25,3,Jeudi,False,False,False,2024,7
20240426,2024-04-26,2024,2,Q2,4,Avril,17,26,4,Vendredi,False,False,False,2024,7
20240427,2024-04-27,2024,2,Q2,4,Avril,17,27,5,Samedi,True,False,False,2024,7
20240428,2024-04-28,2024,2,Q2,4,Avril,17,28,6,Dimanche,True,False,False,2024,7
20240429,2024-04-29,2024,2,Q2,4,Avril,18,29,0,Lundi,False,False,False,2024,7
20240430,2024-04-30,2024,2,Q2,4,Avril,18,30,1,Mardi,False,False,True,2024,7
20240501,2024-05-01,2024,2,Q2,5,Mai,18,1,2,Mercredi,False,True,False,2024,8
20240502,2024-05-02,2024,2,Q2,5,Mai,18,2,3,Jeudi,False,False,False,2024,8
20240503,2024-05-03,2024,2,Q2,5,Mai,18,3,4,Vendredi,False,False,False,2024,8
20240504,2024-05-04,2024,2,Q2,5,Mai,18,4,5,Samedi,True,False,False,2024,8
20240505,2024-05-05,2024,2,Q2,5,Mai,18,5,6,Dimanche,True,False,False,2024,8
20240506,2024-05-06,2024,2,Q2,5,Mai,19,6,0,Lundi,False,False,False,2024,8
20240507,2024-05-07,2024,2,Q2,5,Mai,19,7,1,Mardi,False,False,False,2024,8
20240508,2024-05-08,2024,2,Q2,5,Mai,19,8,2,Mercredi,False,False,False,2024,8
20240509,2024-05-09,2024,2,Q2,5,Mai,19,9,3,Jeudi,False,False,False,2024,8
20240510,2024-05-10,2024,2,Q2,5,Mai,19,10,4,Vendredi,False,False,False,2024,8
20240511,2024-05-11,2024,2,Q2,5,Mai,19,11,5,Samedi,True,False,False,2024,8
20240512,2024-05-12,2024,2,Q2,5,Mai,19,12,6,Dimanche,True,False,False,2024,8
20240513,2024-05-13,2024,2,Q2,5,Mai,20,13,0,Lundi,False,False,False,2024,8
20240514,2024-05-14,2024,2,Q2,5,Mai,20,14,1,Mardi,False,False,False,2024,8
20240515,2024-05-15,2024,2,Q2,5,Mai,20,15,2,Mercredi,False,False,False,2024,8
20240516,2024-05-16,2024,2,Q2,5,Mai,20,16,3,Jeudi,False,False,False,2024,8
20240517,2024-05-17,2024,2,Q2,5,Mai,20,17,4,Vendredi,False,False,False,2024,8
20240518,2024-05-18,2024,2,Q2,5,Mai,20,18,5,Samedi,True,False,False,2024,8
20240519,2024-05-19,2024,2,Q2,5,Mai,20,19,6,Dimanche,True,False,False,2024,8
20240520,2024-05-20,2024,2,Q2,5,Mai,21,20,0,Lundi,False,False,False,2024,8
20240521,2024-05-21,2024,2,Q2,5,Mai,21,21,1,Mardi,False,False,False,2024,8
20240522,2024-05-22,2024,2,Q2,5,Mai,21,22,2,Mercredi,False,False,False,2024,8
20240523,2024-05-23,2024,2,Q2,5,Mai,21,23,3,Jeudi,False,False,False,2024,8
20240524,2024-05-24,2024,2,Q2,5,Mai,21,24,4,Vendredi,False,False,False,2024,8
20240525,2024-05-25,2024,2,Q2,5,Mai,21,25,5,Samedi,True,False,False,2024,8
20240526,2024-05-26,2024,2,Q2,5,Mai,21,26,6,Dimanche,True,False,False,2024,8
20240527,2024-05-27,2024,2,Q2,5,Mai,22,27,0,Lundi,False,False,False,2024,8
20240528,2024-05-28,2024,2,Q2,5,Mai,22,28,1,Mardi,False,False,False,2024,8
20240529,2024-05-29,2024,2,Q2,5,Mai,22,29,2,Mercredi,False,False,False,2024,8
20240530,2024-05-30,2024,2,Q2,5,Mai,22,30,3,Jeudi,False,False,False,2024,8
20240531,2024-05-31,2024,2,Q2,5,Mai,22,31,4,Vendredi,False,False,True,2024,8
20240601,2024-06-01,2024,2,Q2,6,Juin,22,1,5,Samedi,True,True,False,2024,9
20240602,2024-06-02,2024,2,Q2,6,Juin,22,2,6,Dimanche,True,False,False,2024,9
20240603,2024-06-03,2024,2,Q2,6,Juin,23,3,0,Lundi,False,False,False,2024,9
20240604,2024-06-04,2024,2,Q2,6,Juin,23,4,1,Mardi,False,False,False,2024,9
20240605,2024-06-05,2024,2,Q2,6,Juin,23,5,2,Mercredi,False,False,False,2024,9
20240606,2024-06-06,2024,2,Q2,6,Juin,23,6,3,Jeudi,False,False,False,2024,9
20240607,2024-06-07,2024,2,Q2,6,Juin,23,7,4,Vendredi,False,False,False,2024,9
20240608,2024-06-08,2024,2,Q2,6,Juin,23,8,5,Samedi,True,False,False,2024,9
20240609,2024-06-09,2024,2,Q2,6,Juin,23,9,6,Dimanche,True,False,False,2024,9
20240610,2024-06-10,2024,2,Q2,6,Juin,24,10,0,Lundi,False,False,False,2024,9
20240611,2024-06-11,2024,2,Q2,6,Juin,24,11,1,Mardi,False,False,False,2024,9
20240612,2024-06-12,2024,2,Q2,6,Juin,24,12,2,Mercredi,False,False,False,2024,9
20240613,2024-06-13,2024,2,Q2,6,Juin,24,13,3,Jeudi,False,False,False,2024,9
20240614,2024-06-14,2024,2,Q2,6,Juin,24,14,4,Vendredi,False,False,False,2024,9
20240615,2024-06-15,2024,2,Q2,6,Juin,24,15,5,Samedi,True,False,False,2024,9
20240616,2024-06-16,2024,2,Q2,6,Juin,24,16,6,Dimanche,True,False,False,2024,9
20240617,2024-06-17,2024,2,Q2,6,Juin,25,17,0,Lundi,False,False,False,2024,9
20240618,2024-06-18,2024,2,Q2,6,Juin,25,18,1,Mardi,False,False,False,2024,9
20240619,2024-06-19,2024,2,Q2,6,Juin,25,19,2,Mercredi,False,False,False,2024,9
20240620,2024-06-20,2024,2,Q2,6,Juin,25,20,3,Jeudi,False,False,False,2024,9
20240621,2024-06-21,2024,2,Q2,6,Juin,25,21,4,Vendredi,False,False,False,2024,9
20240622,2024-06-22,2024,2,Q2,6,Juin,25,22,5,Samedi,True,False,False,2024,9
20240623,2024-06-23,2024,2,Q2,6,Juin,25,23,6,Dimanche,True,False,False,2024,9
20240624,2024-06-24,2024,2,Q2,6,Juin,26,24,0,Lundi,False,False,False,2024,9
20240625,2024-06-25,2024,2,Q2,6,Juin,26,25,1,Mardi,False,False,False,2024,9
20240626,2024-06-26,2024,2,Q2,6,Juin,26,26,2,Mercredi,False,False,False,2024,9
20240627,2024-06-27,2024,2,Q2,6,Juin,26,27,3,Jeudi,False,False,False,2024,9
20240628,2024-06-28,2024,2,Q2,6,Juin,26,28,4,Vendredi,False,False,False,2024,9
20240629,2024-06-29,2024,2,Q2,6,Juin,26,29,5,Samedi,True,False,False,2024,9
20240630,2024-06-30,2024,2,Q2,6,Juin,26,30,6,Dimanche,True,False,True,2024,9
20240701,2024-07-01,2024,3,Q3,7,Juillet,27,1,0,Lundi,False,True,False,2024,10
20240702,2024-07-02,2024,3,Q3,7,Juillet,27,2,1,Mardi,False,False,False,2024,10
20240703,2024-07-03,2024,3,Q3,7,Juillet,27,3,2,Mercredi,False,False,False,2024,10
20240704,2024-07-04,2024,3,Q3,7,Juillet,27,4,3,Jeudi,False,False,False,2024,10
20240705,2024-07-05,2024,3,Q3,7,Juillet,27,5,4,Vendredi,False,False,False,2024,10
20240706,2024-07-06,2024,3,Q3,7,Juillet,27,6,5,Samedi,True,False,False,2024,10
20240707,2024-07-07,2024,3,Q3,7,Juillet,27,7,6,Dimanche,True,False,False,2024,10
20240708,2024-07-08,2024,3,Q3,7,Juillet,28,8,0,Lundi,False,False,False,2024,10
20240709,2024-07-09,2024,3,Q3,7,Juillet,28,9,1,Mardi,False,False,False,2024,10
20240710,2024-07-10,2024,3,Q3,7,Juillet,28,10,2,Mercredi,False,False,False,2024,10
20240711,2024-07-11,2024,3,Q3,7,Juillet,28,11,3,Jeudi,False,False,False,2024,10
20240712,2024-07-12,2024,3,Q3,7,Juillet,28,12,4,Vendredi,False,False,False,2024,10
20240713,2024-07-13,2024,3,Q3,7,Juillet,28,13,5,Samedi,True,False,False,2024,10
20240714,2024-07-14,2024,3,Q3,7,Juillet,28,14,6,Dimanche,True,False,False,2024,10
20240715,2024-07-15,2024,3,Q3,7,Juillet,29,15,0,Lundi,False,False,False,2024,10
20240716,2024-07-16,2024,3,Q3,7,Juillet,29,16,1,Mardi,False,False,False,2024,10
20240717,2024-07-17,2024,3,Q3,7,Juillet,29,17,2,Mercredi,False,False,False,2024,10
20240718,2024-07-18,2024,3,Q3,7,Juillet,29,18,3,Jeudi,False,False,False,2024,10
20240719,2024-07-19,2024,3,Q3,7,Juillet,29,19,4,Vendredi,False,False,False,2024,10
20240720,2024-07-20,2024,3,Q3,7,Juillet,29,20,5,Samedi,True,False,False,2024,10
20240721,2024-07-21,2024,3,Q3,7,Juillet,29,21,6,Dimanche,True,False,False,2024,10
20240722,2024-07-22,2024,3,Q3,7,Juillet,30,22,0,Lundi,False,False,False,2024,10
20240723,2024-07-23,2024,3,Q3,7,Juillet,30,23,1,Mardi,False,False,False,2024,10
20240724,2024-07-24,2024,3,Q3,7,Juillet,30,24,2,Mercredi,False,False,False,2024,10
20240725,2024-07-25,2024,3,Q3,7,Juillet,30,25,3,Jeudi,False,False,False,2024,10
20240726,2024-07-26,2024,3,Q3,7,Juillet,30,26,4,Vendredi,False,False,False,2024,10
20240727,2024-07-27,2024,3,Q3,7,Juillet,30,27,5,Samedi,True,False,False,2024,10
20240728,2024-07-28,2024,3,Q3,7,Juillet,30,28,6,Dimanche,True,False,False,2024,10
20240729,2024-07-29,2024,3,Q3,7,Juillet,31,29,0,Lundi,False,False,False,2024,10
20240730,2024-07-30,2024,3,Q3,7,Juillet,31,30,1,Mardi,False,False,False,2024,10
20240731,2024-07-31,2024,3,Q3,7,Juillet,31,31,2,Mercredi,False,False,True,2024,10
20240801,2024-08-01,2024,3,Q3,8,Août,31,1,3,Jeudi,False,True,False,2024,11
20240802,2024-08-02,2024,3,Q3,8,Août,31,2,4,Vendredi,False,False,False,2024,11
20240803,2024-08-03,2024,3,Q3,8,Août,31,3,5,Samedi,True,False,False,2024,11
20240804,2024-08-04,2024,3,Q3,8,Août,31,4,6,Dimanche,True,False,False,2024,11
20240805,2024-08-05,2024,3,Q3,8,Août,32,5,0,Lundi,False,False,False,2024,11
20240806,2024-08-06,2024,3,Q3,8,Août,32,6,1,Mardi,False,False,False,2024,11
20240807,2024-08-07,2024,3,Q3,8,Août,32,7,2,Mercredi,False,False,False,2024,11
20240808,2024-08-08,2024,3,Q3,8,Août,32,8,3,Jeudi,False,False,False,2024,11
20240809,2024-08-09,2024,3,Q3,8,Août,32,9,4,Vendredi,False,False,False,2024,11
20240810,2024-08-10,2024,3,Q3,8,Août,32,10,5,Samedi,True,False,False,2024,11
20240811,2024-08-11,2024,3,Q3,8,Août,32,11,6,Dimanche,True,False,False,2024,11
20240812,2024-08-12,2024,3,Q3,8,Août,33,12,0,Lundi,False,False,False,2024,11
20240813,2024-08-13,2024,3,Q3,8,Août,33,13,1,Mardi,False,False,False,2024,11
20240814,2024-08-14,2024,3,Q3,8,Août,33,14,2,Mercredi,False,False,False,2024,11
20240815,2024-08-15,2024,3,Q3,8,Août,33,15,3,Jeudi,False,False,False,2024,11
20240816,2024-08-16,2024,3,Q3,8,Août,33,16,4,Vendredi,False,False,False,2024,11
20240817,2024-08-17,2024,3,Q3,8,Août,33,17,5,Samedi,True,False,False,2024,11
20240818,2024-08-18,2024,3,Q3,8,Août,33,18,6,Dimanche,True,False,False,2024,11
20240819,2024-08-19,2024,3,Q3,8,Août,34,19,0,Lundi,False,False,False,2024,11
20240820,2024-08-20,2024,3,Q3,8,Août,34,20,1,Mardi,False,False,False,2024,11
20240821,2024-08-21,2024,3,Q3,8,Août,34,21,2,Mercredi,False,False,False,2024,11
20240822,2024-08-22,2024,3,Q3,8,Août,34,22,3,Jeudi,False,False,False,2024,11
20240823,2024-08-23,2024,3,Q3,8,Août,34,23,4,Vendredi,False,False,False,2024,11
20240824,2024-08-24,2024,3,Q3,8,Août,34,24,5,Samedi,True,False,False,2024,11
20240825,2024-08-25,2024,3,Q3,8,Août,34,25,6,Dimanche,True,False,False,2024,11
20240826,2024-08-26,2024,3,Q3,8,Août,35,26,0,Lundi,False,False,False,2024,11
20240827,2024-08-27,2024,3,Q3,8,Août,35,27,1,Mardi,False,False,False,2024,11
20240828,2024-08-28,2024,3,Q3,8,Août,35,28,2,Mercredi,False,False,False,2024,11
20240829,2024-08-29,2024,3,Q3,8,Août,35,29,3,Jeudi,False,False,False,2024,11
20240830,2024-08-30,2024,3,Q3,8,Août,35,30,4,Vendredi,False,False,False,2024,11
20240831,2024-08-31,2024,3,Q3,8,Août,35,31,5,Samedi,True,False,True,2024,11
20240901,2024-09-01,2024,3,Q3,9,Septembre,35,1,6,Dimanche,True,True,False,2024,12
20240902,2024-09-02,2024,3,Q3,9,Septembre,36,2,0,Lundi,False,False,False,2024,12
20240903,2024-09-03,2024,3,Q3,9,Septembre,36,3,1,Mardi,False,False,False,2024,12
20240904,2024-09-04,2024,3,Q3,9,Septembre,36,4,2,Mercredi,False,False,False,2024,12
20240905,2024-09-05,2024,3,Q3,9,Septembre,36,5,3,Jeudi,False,False,False,2024,12
20240906,2024-09-06,2024,3,Q3,9,Septembre,36,6,4,Vendredi,False,False,False,2024,12
20240907,2024-09-07,2024,3,Q3,9,Septembre,36,7,5,Samedi,True,False,False,2024,12
20240908,2024-09-08,2024,3,Q3,9,Septembre,36,8,6,Dimanche,True,False,False,2024,12
20240909,2024-09-09,2024,3,Q3,9,Septembre,37,9,0,Lundi,False,False,False,2024,12
20240910,2024-09-10,2024,3,Q3,9,Septembre,37,10,1,Mardi,False,False,False,2024,12
20240911,2024-09-11,2024,3,Q3,9,Septembre,37,11,2,Mercredi,False,False,False,2024,12
20240912,2024-09-12,2024,3,Q3,9,Septembre,37,12,3,Jeudi,False,False,False,2024,12
20240913,2024-09-13,2024,3,Q3,9,Septembre,37,13,4,Vendredi,False,False,False,2024,12
20240914,2024-09-14,2024,3,Q3,9,Septembre,37,14,5,Samedi,True,False,False,2024,12
20240915,2024-09-15,2024,3,Q3,9,Septembre,37,15,6,Dimanche,True,False,False,2024,12
20240916,2024-09-16,2024,3,Q3,9,Septembre,38,16,0,Lundi,False,False,False,2024,12
20240917,2024-09-17,2024,3,Q3,9,Septembre,38,17,1,Mardi,False,False,False,2024,12
20240918,2024-09-18,2024,3,Q3,9,Septembre,38,18,2,Mercredi,False,False,False,2024,12
20240919,2024-09-19,2024,3,Q3,9,Septembre,38,19,3,Jeudi,False,False,False,2024,12
20240920,2024-09-20,2024,3,Q3,9,Septembre,38,20,4,Vendredi,False,False,False,2024,12
20240921,2024-09-21,2024,3,Q3,9,Septembre,38,21,5,Samedi,True,False,False,2024,12
20240922,2024-09-22,2024,3,Q3,9,Septembre,38,22,6,Dimanche,True,False,False,2024,12
20240923,2024-09-23,2024,3,Q3,9,Septembre,39,23,0,Lundi,False,False,False,2024,12
20240924,2024-09-24,2024,3,Q3,9,Septembre,39,24,1,Mardi,False,False,False,2024,12
20240925,2024-09-25,2024,3,Q3,9,Septembre,39,25,2,Mercredi,False,False,False,2024,12
20240926,2024-09-26,2024,3,Q3,9,Septembre,39,26,3,Jeudi,False,False,False,2024,12
20240927,2024-09-27,2024,3,Q3,9,Septembre,39,27,4,Vendredi,False,False,False,2024,12
20240928,2024-09-28,2024,3,Q3,9,Septembre,39,28,5,Samedi,True,False,False,2024,12
20240929,2024-09-29,2024,3,Q3,9,Septembre,39,29,6,Dimanche,True,False,False,2024,12
20240930,2024-09-30,2024,3,Q3,9,Septembre,40,30,0,Lundi,False,False,True,2024,12
20241001,2024-10-01,2024,4,Q4,10,Octobre,40,1,1,Mardi,False,True,False,2025,1
20241002,2024-10-02,2024,4,Q4,10,Octobre,40,2,2,Mercredi,False,False,False,2025,1
20241003,2024-10-03,2024,4,Q4,10,Octobre,40,3,3,Jeudi,False,False,False,2025,1
20241004,2024-10-04,2024,4,Q4,10,Octobre,40,4,4,Vendredi,False,False,False,2025,1
20241005,2024-10-05,2024,4,Q4,10,Octobre,40,5,5,Samedi,True,False,False,2025,1
20241006,2024-10-06,2024,4,Q4,10,Octobre,40,6,6,Dimanche,True,False,False,2025,1
20241007,2024-10-07,2024,4,Q4,10,Octobre,41,7,0,Lundi,False,False,False,2025,1
20241008,2024-10-08,2024,4,Q4,10,Octobre,41,8,1,Mardi,False,False,False,2025,1
20241009,2024-10-09,2024,4,Q4,10,Octobre,41,9,2,Mercredi,False,False,False,2025,1
20241010,2024-10-10,2024,4,Q4,10,Octobre,41,10,3,Jeudi,False,False,False,2025,1
20241011,2024-10-11,2024,4,Q4,10,Octobre,41,11,4,Vendredi,False,False,False,2025,1
20241012,2024-10-12,2024,4,Q4,10,Octobre,41,12,5,Samedi,True,False,False,2025,1
20241013,2024-10-13,2024,4,Q4,10,Octobre,41,13,6,Dimanche,True,False,False,2025,1
20241014,2024-10-14,2024,4,Q4,10,Octobre,42,14,0,Lundi,False,False,False,2025,1
20241015,2024-10-15,2024,4,Q4,10,Octobre,42,15,1,Mardi,False,False,False,2025,1
20241016,2024-10-16,2024,4,Q4,10,Octobre,42,16,2,Mercredi,False,False,False,2025,1
20241017,2024-10-17,2024,4,Q4,10,Octobre,42,17,3,Jeudi,False,False,False,2025,1
20241018,2024-10-18,2024,4,Q4,10,Octobre,42,18,4,Vendredi,False,False,False,2025,1
20241019,2024-10-19,2024,4,Q4,10,Octobre,42,19,5,Samedi,True,False,False,2025,1
20241020,2024-10-20,2024,4,Q4,10,Octobre,42,20,6,Dimanche,True,False,False,2025,1
20241021,2024-10-21,2024,4,Q4,10,Octobre,43,21,0,Lundi,False,False,False,2025,1
20241022,2024-10-22,2024,4,Q4,10,Octobre,43,22,1,Mardi,False,False,False,2025,1
20241023,2024-10-23,2024,4,Q4,10,Octobre,43,23,2,Mercredi,False,False,False,2025,1
20241024,2024-10-24,2024,4,Q4,10,Octobre,43,24,3,Jeudi,False,False,False,2025,1
20241025,2024-10-25,2024,4,Q4,10,Octobre,43,25,4,Vendredi,False,False,False,2025,1
20241026,2024-10-26,2024,4,Q4,10,Octobre,43,26,5,Samedi,True,False,False,2025,1
20241027,2024-10-27,2024,4,Q4,10,Octobre,43,27,6,Dimanche,True,False,False,2025,1
20241028,2024-10-28,2024,4,Q4,10,Octobre,44,28,0,Lundi,False,False,False,2025,1
20241029,2024-10-29,2024,4,Q4,10,Octobre,44,29,1,Mardi,False,False,False,2025,1
20241030,2024-10-30,2024,4,Q4,10,Octobre,44,30,2,Mercredi,False,False,False,2025,1
20241031,2024-10-31,2024,4,Q4,10,Octobre,44,31,3,Jeudi,False,False,True,2025,1
20241101,2024-11-01,2024,4,Q4,11,Novembre,44,1,4,Vendredi,False,True,False,2025,2
20241102,2024-11-02,2024,4,Q4,11,Novembre,44,2,5,Samedi,True,False,False,2025,2
20241103,2024-11-03,2024,4,Q4,11,Novembre,44,3,6,Dimanche,True,False,False,2025,2
20241104,2024-11-04,2024,4,Q4,11,Novembre,45,4,0,Lundi,False,False,False,2025,2
20241105,2024-11-05,2024,4,Q4,11,Novembre,45,5,1,Mardi,False,False,False,2025,2
20241106,2024-11-06,2024,4,Q4,11,Novembre,45,6,2,Mercredi,False,False,False,2025,2
20241107,2024-11-07,2024,4,Q4,11,Novembre,45,7,3,Jeudi,False,False,False,2025,2
20241108,2024-11-08,2024,4,Q4,11,Novembre,45,8,4,Vendredi,False,False,False,2025,2
20241109,2024-11-09,2024,4,Q4,11,Novembre,45,9,5,Samedi,True,False,False,2025,2
20241110,2024-11-10,2024,4,Q4,11,Novembre,45,10,6,Dimanche,True,False,False,2025,2
20241111,2024-11-11,2024,4,Q4,11,Novembre,46,11,0,Lundi,False,False,False,2025,2
20241112,2024-11-12,2024,4,Q4,11,Novembre,46,12,1,Mardi,False,False,False,2025,2
20241113,2024-11-13,2024,4,Q4,11,Novembre,46,13,2,Mercredi,False,False,False,2025,2
20241114,2024-11-14,2024,4,Q4,11,Novembre,46,14,3,Jeudi,False,False,False,2025,2
20241115,2024-11-15,2024,4,Q4,11,Novembre,46,15,4,Vendredi,False,False,False,2025,2
20241116,2024-11-16,2024,4,Q4,11,Novembre,46,16,5,Samedi,True,False,False,2025,2
20241117,2024-11-17,2024,4,Q4,11,Novembre,46,17,6,Dimanche,True,False,False,2025,2
20241118,2024-11-18,2024,4,Q4,11,Novembre,47,18,0,Lundi,False,False,False,2025,2
20241119,2024-11-19,2024,4,Q4,11,Novembre,47,19,1,Mardi,False,False,False,2025,2
20241120,2024-11-20,2024,4,Q4,11,Novembre,47,20,2,Mercredi,False,False,False,2025,2
20241121,2024-11-21,2024,4,Q4,11,Novembre,47,21,3,Jeudi,False,False,False,2025,2
20241122,2024-11-22,2024,4,Q4,11,Novembre,47,22,4,Vendredi,False,False,False,2025,2
20241123,2024-11-23,2024,4,Q4,11,Novembre,47,23,5,Samedi,True,False,False,2025,2
20241124,2024-11-24,2024,4,Q4,11,Novembre,47,24,6,Dimanche,True,False,False,2025,2
20241125,2024-11-25,2024,4,Q4,11,Novembre,48,25,0,Lundi,False,False,False,2025,2
20241126,2024-11-26,2024,4,Q4,11,Novembre,48,26,1,Mardi,False,False,False,2025,2
20241127,2024-11-27,2024,4,Q4,11,Novembre,48,27,2,Mercredi,False,False,False,2025,2
20241128,2024-11-28,2024,4,Q4,11,Novembre,48,28,3,Jeudi,False,False,False,2025,2
20241129,2024-11-29,2024,4,Q4,11,Novembre,48,29,4,Vendredi,False,False,False,2025,2
20241130,2024-11-30,2024,4,Q4,11,Novembre,48,30,5,Samedi,True,False,True,2025,2
20241201,2024-12-01,2024,4,Q4,12,Décembre,48,1,6,Dimanche,True,True,False,2025,3
20241202,2024-12-02,2024,4,Q4,12,Décembre,49,2,0,Lundi,False,False,False,2025,3
20241203,2024-12-03,2024,4,Q4,12,Décembre,49,3,1,Mardi,False,False,False,2025,3
20241204,2024-12-04,2024,4,Q4,12,Décembre,49,4,2,Mercredi,False,False,False,2025,3
20241205,2024-12-05,2024,4,Q4,12,Décembre,49,5,3,Jeudi,False,False,False,2025,3
20241206,2024-12-06,2024,4,Q4,12,Décembre,49,6,4,Vendredi,False,False,False,2025,3
20241207,2024-12-07,2024,4,Q4,12,Décembre,49,7,5,Samedi,True,False,False,2025,3
20241208,2024-12-08,2024,4,Q4,12,Décembre,49,8,6,Dimanche,True,False,False,2025,3
20241209,2024-12-09,2024,4,Q4,12,Décembre,50,9,0,Lundi,False,False,False,2025,3
20241210,2024-12-10,2024,4,Q4,12,Décembre,50,10,1,Mardi,False,False,False,2025,3
20241211,2024-12-11,2024,4,Q4,12,Décembre,50,11,2,Mercredi,False,False,False,2025,3
20241212,2024-12-12,2024,4,Q4,12,Décembre,50,12,3,Jeudi,False,False,False,2025,3
20241213,2024-12-13,2024,4,Q4,12,Décembre,50,13,4,Vendredi,False,False,False,2025,3
20241214,2024-12-14,2024,4,Q4,12,Décembre,50,14,5,Samedi,True,False,False,2025,3
20241215,2024-12-15,2024,4,Q4,12,Décembre,50,15,6,Dimanche,True,False,False,2025,3
20241216,2024-12-16,2024,4,Q4,12,Décembre,51,16,0,Lundi,False,False,False,2025,3
20241217,2024-12-17,2024,4,Q4,12,Décembre,51,17,1,Mardi,False,False,False,2025,3
20241218,2024-12-18,2024,4,Q4,12,Décembre,51,18,2,Mercredi,False,False,False,2025,3
20241219,2024-12-19,2024,4,Q4,12,Décembre,51,19,3,Jeudi,False,False,False,2025,3
20241220,2024-12-20,2024,4,Q4,12,Décembre,51,20,4,Vendredi,False,False,False,2025,3
20241221,2024-12-21,2024,4,Q4,12,Décembre,51,21,5,Samedi,True,False,False,2025,3
20241222,2024-12-22,2024,4,Q4,12,Décembre,51,22,6,Dimanche,True,False,False,2025,3
20241223,2024-12-23,2024,4,Q4,12,Décembre,52,23,0,Lundi,False,False,False,2025,3
20241224,2024-12-24,2024,4,Q4,12,Décembre,52,24,1,Mardi,False,False,False,2025,3
20241225,2024-12-25,2024,4,Q4,12,Décembre,52,25,2,Mercredi,False,False,False,2025,3
20241226,2024-12-26,2024,4,Q4,12,Décembre,52,26,3,Jeudi,False,False,False,2025,3
20241227,2024-12-27,2024,4,Q4,12,Décembre,52,27,4,Vendredi,False,False,False,2025,3
20241228,2024-12-28,2024,4,Q4,12,Décembre,52,28,5,Samedi,True,False,False,2025,3
20241229,2024-12-29,2024,4,Q4,12,Décembre,52,29,6,Dimanche,True,False,False,2025,3
20241230,2024-12-30,2024,4,Q4,12,Décembre,1,30,0,Lundi,False,False,False,2025,3
20241231,2024-12-31,2024,4,Q4,12,Décembre,1,31,1,Mardi,False,False,True,2025,3
